score,client_size,company_name,contact_person,phone,whatsapp,email,website,address,city,product_interest,source,notes,found_date,whatsapp_message
80,small,Abuja Furniture Workshop,Mike Johnson,+234 987 654 3210,+234 987 654 3210,mike@abujafw.ng,,"45 Craft Street, Wuse, Abuja",Abuja,"Sofa Legs, Cabinet Hardware",Google Maps,"Small furniture workshop, family business, needs affordable hardware",,"Hello Mike Johnson!

I'm Tommy from China, supplier of quality Sofa Legs, Cabinet Hardware. Perfect for your Abuja Furniture Workshop business!

💰 Competitive prices for small orders
📦 MOQ from 100-500 pcs (flexible)
🚚 Delivery to Lagos: 20-30 days  
📱 WhatsApp support 24/7

Free samples available! Interested in our price list?

Best,
Tommy 📞 +86-183-5800-8400
🌐 https://jh-hardware.com"
