序号,代码,名称,市场代码简称,最新价(元) 2026.04.16,涨跌幅(%) 2026.04.16,市盈率(TTM)(倍) 2026.04.16,归属母公司股东的净利润最新同比增长率 截至2026.03.31最新,归属母公司股东的净利润(元) 2026.03.31,归属母公司股东的净利润(元) 2025.12.31,归属母公司股东的净利润(元) 2025.09.30,归属母公司股东的净利润(元) 2025.06.30,归属母公司股东的净利润(元) 2025.03.31,归属母公司股东的净利润(元) 2024.12.31,净利润(元) 2026.03.31,净利润(元) 2025.12.31,净利润(元) 2025.09.30,净利润(元) 2025.06.30,净利润(元) 2025.03.31,净利润(元) 2024.12.31,涨跌额(元) 2026.04.16,最高价(元) 2026.04.16,最低价(元) 2026.04.16,换手率(%) 2026.04.16,量比 2026.04.16,成交量(股) 2026.04.16,成交额(元) 2026.04.16,市盈率(动)(倍) 2026.04.16,市净率(倍) 2026.04.16,总市值(元) 2026.04.16,流通市值(元) 2026.04.16,CHOICE_INNER_CODE,IN_OPTIONAL
1,002611,东方精工,SZ,17.85,3.48,29.96,44.88|2025年报,-,7.25亿|2025年报,5.10亿|2025三季报,3.97亿|2025半年报,2.76亿|2025一季报,5.01亿|2024年报,-,7.70亿|2025年报,5.40亿|2025三季报,4.16亿|2025半年报,2.81亿|2025一季报,5.40亿|2024年报,0.600,17.88,17.24,3.56,1.42,3569.26万,6.27亿,7.49,3.7633,217.29亿,178.84亿,1000010123,False
2,300824,北鼎股份,SZ,10.42,0.58,29.95,63.35|2025年报,-,1.14亿|2025年报,8291.58万|2025三季报,5582.88万|2025半年报,3337.27万|2025一季报,6950.87万|2024年报,-,1.14亿|2025年报,8291.58万|2025三季报,5582.88万|2025半年报,3337.27万|2025一季报,6950.87万|2024年报,0.060,10.46,10.30,1.12,1.17,354.26万,3674.91万,7.49,4.5252,34.00亿,32.98亿,1001247913,False
3,300972,万辰集团,SZ,210.50,2.34,29.95,358.09|2025年报,-,13.45亿|2025年报,8.55亿|2025三季报,4.72亿|2025半年报,2.15亿|2025一季报,2.94亿|2024年报,-,24.24亿|2025年报,15.91亿|2025三季报,8.70亿|2025半年报,3.88亿|2025一季报,6.03亿|2024年报,4.810,213.30,203.63,1.17,1.50,205.68万,4.31亿,7.49,26.5547,402.67亿,369.05亿,1002196463,False
4,603239,浙江仙通,SH,24.38,1.46,29.74,29.22|2025年报,-,2.22亿|2025年报,1.52亿|2025三季报,1.07亿|2025半年报,6668.83万|2025一季报,1.72亿|2024年报,-,2.22亿|2025年报,1.52亿|2025三季报,1.07亿|2025半年报,6668.83万|2025一季报,1.72亿|2024年报,0.350,24.46,24.01,1.55,0.53,418.61万,1.02亿,7.44,4.9780,66.00亿,66.00亿,1000326763,False
5,000960,锡业股份,SZ,35.41,3.90,29.63,36.14|2025年报,-,19.66亿|2025年报,17.45亿|2025三季报,10.62亿|2025半年报,4.99亿|2025一季报,14.44亿|2024年报,-,21.10亿|2025年报,18.45亿|2025三季报,11.28亿|2025半年报,5.08亿|2025一季报,15.70亿|2024年报,1.330,35.66,34.20,3.69,1.28,6068.21万,21.22亿,7.41,2.9752,582.65亿,582.65亿,1000001449,False
6,300893,松原安全,SZ,22.90,0.75,29.56,40.70|2025年报,-,3.66亿|2025年报,2.63亿|2025三季报,1.61亿|2025半年报,7350.58万|2025一季报,2.60亿|2024年报,-,3.66亿|2025年报,2.63亿|2025三季报,1.61亿|2025半年报,7350.58万|2025一季报,2.60亿|2024年报,0.170,22.98,22.45,1.26,0.82,317.33万,7215.71万,7.39,5.3110,108.32亿,57.45亿,1001893726,False
7,688236,春立医疗,SH,20.83,0.05,29.32,118.05|2025年报,-,2.73亿|2025年报,1.92亿|2025三季报,1.14亿|2025半年报,5807.11万|2025一季报,1.25亿|2024年报,-,2.73亿|2025年报,1.92亿|2025三季报,1.14亿|2025半年报,5803.06万|2025一季报,1.25亿|2024年报,0.010,21.59,20.70,0.78,1.22,225.88万,4721.78万,7.33,2.6762,79.90亿,60.08亿,1002231962,False
8,300389,艾比森,SZ,19.98,0.10,29.28,115.47|2025年报,-,2.52亿|2025年报,1.85亿|2025三季报,1.16亿|2025半年报,3641.00万|2025一季报,1.17亿|2024年报,-,2.46亿|2025年报,1.81亿|2025三季报,1.13亿|2025半年报,3387.13万|2025一季报,1.03亿|2024年报,0.020,20.08,19.78,4.18,0.63,917.70万,1.83亿,7.32,4.5014,73.75亿,43.84亿,1000011662,False
9,002259,升达林业,SZ,5.12,-0.58,29.22,998.75|2025年报,-,1.32亿|2025年报,1959.01万|2025三季报,1406.66万|2025半年报,1136.77万|2025一季报,1199.87万|2024年报,-,1.30亿|2025年报,1798.61万|2025三季报,1296.76万|2025半年报,1080.45万|2025一季报,1053.01万|2024年报,-0.030,5.20,5.02,3.24,0.80,2437.36万,1.24亿,7.30,10.1344,38.52亿,38.52亿,1000007206,False
10,603501,豪威集团,SH,93.71,1.52,29.21,21.73|2025年报,-,40.45亿|2025年报,32.10亿|2025三季报,20.28亿|2025半年报,8.66亿|2025一季报,33.23亿|2024年报,-,40.32亿|2025年报,31.99亿|2025三季报,20.20亿|2025半年报,8.62亿|2025一季报,32.84亿|2024年报,1.400,94.17,92.49,1.38,1.04,1664.50万,15.54亿,7.30,4.2300,1181.82亿,1134.27亿,1000498858,False
11,601059,信达证券,SH,16.95,0.30,29.03,38.74|2025年报,-,18.94亿|2025年报,13.54亿|2025三季报,10.24亿|2025半年报,2.05亿|2025一季报,13.65亿|2024年报,-,19.51亿|2025年报,13.81亿|2025三季报,10.32亿|2025半年报,2.09亿|2025一季报,14.15亿|2024年报,0.050,17.08,16.90,0.20,0.84,638.73万,1.08亿,7.26,2.6088,549.69亿,549.69亿,1002507820,False
12,001285,瑞立科密,SZ,53.43,1.04,28.91,23.75|2025年报,-,3.33亿|2025年报,2.37亿|2025三季报,1.42亿|2025半年报,-,2.69亿|2024年报,-,3.37亿|2025年报,2.40亿|2025三季报,1.44亿|2025半年报,-,2.75亿|2024年报,0.550,53.72,53.11,2.69,0.63,111.83万,5972.93万,28.91,2.5411,96.27亿,22.17亿,1003689824,False
13,002970,锐明技术,SZ,59.99,2.02,28.53,31.95|2025年报,-,3.83亿|2025年报,2.74亿|2025三季报,2.03亿|2025半年报,1.01亿|2025一季报,2.90亿|2024年报,-,3.89亿|2025年报,2.79亿|2025三季报,2.06亿|2025半年报,1.00亿|2025一季报,2.94亿|2024年报,1.190,61.09,59.00,6.44,0.89,797.84万,4.80亿,7.11,5.2048,108.83亿,74.31亿,1000730068,False
14,300130,新国都,SZ,23.45,1.65,28.38,100.17|2025年报,-,4.69亿|2025年报,4.08亿|2025三季报,2.75亿|2025半年报,1.56亿|2025一季报,2.34亿|2024年报,-,4.66亿|2025年报,4.05亿|2025三季报,2.74亿|2025半年报,1.56亿|2025一季报,2.31亿|2024年报,0.380,23.54,23.09,2.11,0.80,917.43万,2.14亿,7.09,3.0214,133.03亿,101.81亿,1000008098,False
15,603166,福达股份,SH,13.89,2.06,28.33,70.87|2025年报,-,3.17亿|2025年报,2.21亿|2025三季报,1.46亿|2025半年报,6510.68万|2025一季报,1.85亿|2024年报,-,3.17亿|2025年报,2.21亿|2025三季报,1.46亿|2025半年报,6510.68万|2025一季报,1.85亿|2024年报,0.280,13.95,13.61,0.96,1.18,614.99万,8508.60万,7.08,3.3747,89.68亿,89.00亿,1000011315,False
16,003033,征和工业,SZ,60.60,1.83,28.29,33.72|2025年报,-,1.75亿|2025年报,1.33亿|2025三季报,8900.17万|2025半年报,5383.85万|2025一季报,1.31亿|2024年报,-,1.76亿|2025年报,1.33亿|2025三季报,8892.10万|2025半年报,5383.85万|2025一季报,1.31亿|2024年报,1.090,60.75,59.13,2.06,0.85,166.71万,1.01亿,7.07,3.6482,49.54亿,48.93亿,1000730073,False
17,002138,顺络电子,SZ,35.74,0.08,28.22,22.71|2025年报,-,10.21亿|2025年报,7.69亿|2025三季报,4.86亿|2025半年报,2.33亿|2025一季报,8.32亿|2024年报,-,11.41亿|2025年报,8.73亿|2025三季报,5.59亿|2025半年报,2.61亿|2025一季报,9.50亿|2024年报,0.030,35.96,35.30,2.56,0.88,1939.64万,6.91亿,7.06,4.6928,288.18亿,270.37亿,1000006995,False
18,002917,金奥博,SZ,14.15,0.93,28.18,40.70|2025年报,-,1.75亿|2025年报,1.33亿|2025三季报,8672.50万|2025半年报,3572.20万|2025一季报,1.24亿|2024年报,-,2.14亿|2025年报,1.59亿|2025三季报,9764.23万|2025半年报,3809.86万|2025一季报,1.53亿|2024年报,0.130,14.18,13.82,2.16,0.94,563.70万,7911.14万,7.04,2.8785,49.19亿,36.87亿,1000868288,False
19,000975,山金国际,SZ,30.14,0.97,28.16,36.75|2025年报,-,29.72亿|2025年报,24.60亿|2025三季报,15.96亿|2025半年报,6.94亿|2025一季报,21.73亿|2024年报,-,32.68亿|2025年报,27.02亿|2025三季报,17.57亿|2025半年报,7.71亿|2025一季报,24.30亿|2024年报,0.290,30.46,29.66,1.00,0.89,2520.59万,7.57亿,7.04,5.6100,836.90亿,761.77亿,1000002420,False
20,002803,吉宏股份,SZ,17.28,5.56,28.11,52.16|2025年报,-,2.77亿|2025年报,2.16亿|2025三季报,1.18亿|2025半年报,5915.99万|2025一季报,1.82亿|2024年报,-,3.34亿|2025年报,2.59亿|2025三季报,1.37亿|2025半年报,6246.92万|2025一季报,1.84亿|2024年报,0.910,17.48,16.25,5.40,2.41,1557.96万,2.65亿,7.03,2.8844,77.83亿,49.88亿,1000317350,False
21,603132,金徽股份,SH,18.68,2.30,27.96,118.41|2026一季报,2.05亿|2026一季报,5.42亿|2025年报,3.46亿|2025三季报,2.53亿|2025半年报,9382.66万|2025一季报,-,2.05亿|2026一季报,5.41亿|2025年报,3.44亿|2025三季报,2.51亿|2025半年报,9261.35万|2025一季报,-,0.420,18.76,18.25,0.87,0.67,850.75万,1.58亿,22.29,5.3564,182.69亿,182.69亿,1002642459,False
22,300206,理邦仪器,SZ,14.74,-0.94,27.96,88.54|2025年报,-,3.06亿|2025年报,2.57亿|2025三季报,1.54亿|2025半年报,6508.82万|2025一季报,1.62亿|2024年报,-,3.08亿|2025年报,2.59亿|2025三季报,1.55亿|2025半年报,6518.00万|2025一季报,1.63亿|2024年报,-0.140,14.98,14.66,2.22,0.91,750.75万,1.11亿,6.99,3.8967,85.44亿,49.88亿,1000008332,False
23,000703,恒逸石化,SZ,15.97,4.04,27.72,3773.77|2026一季报,19.95亿|2026一季报,2.58亿|2025年报,2.31亿|2025三季报,2.27亿|2025半年报,5149.48万|2025一季报,-,28.18亿|2026一季报,2.95亿|2025年报,2.42亿|2025三季报,2.68亿|2025半年报,7758.50万|2025一季报,-,0.620,16.16,15.22,2.20,0.87,7893.78万,12.50亿,7.21,2.3081,575.34亿,572.26亿,1000002479,False
24,605016,百龙创园,SH,26.71,1.21,27.52,50.06|2025年报,-,3.69亿|2025年报,2.65亿|2025三季报,1.70亿|2025半年报,8141.96万|2025一季报,2.46亿|2024年报,-,3.69亿|2025年报,2.65亿|2025三季报,1.70亿|2025半年报,8141.96万|2025一季报,2.46亿|2024年报,0.320,26.94,26.30,1.36,0.52,572.07万,1.53亿,7.61,5.3882,112.19亿,112.19亿,1002087055,False
25,920978,开特股份,BJ,26.36,0.57,27.41,25.62|2025年报,-,1.73亿|2025年报,1.30亿|2025三季报,8525.19万|2025半年报,4013.01万|2025一季报,1.38亿|2024年报,-,1.73亿|2025年报,1.30亿|2025三季报,8525.57万|2025半年报,4004.40万|2025一季报,1.38亿|2024年报,0.150,26.57,26.19,1.67,0.73,168.37万,4436.02万,6.85,6.0570,47.46亿,26.61亿,1000463547,False
26,600988,赤峰黄金,SH,44.10,1.85,27.19,74.70|2025年报,-,30.82亿|2025年报,20.58亿|2025三季报,11.07亿|2025半年报,4.83亿|2025一季报,17.64亿|2024年报,-,34.47亿|2025年报,23.11亿|2025三季报,12.82亿|2025半年报,5.65亿|2025一季报,19.86亿|2024年报,0.800,44.30,42.60,2.31,0.95,3849.44万,16.74亿,6.80,6.2473,838.08亿,733.78亿,1000002338,False
27,600499,科达制造,SH,18.44,3.60,27.02,30.07|2025年报,-,13.09亿|2025年报,11.49亿|2025三季报,7.45亿|2025半年报,3.47亿|2025一季报,10.06亿|2024年报,-,21.67亿|2025年报,18.32亿|2025三季报,11.37亿|2025半年报,5.21亿|2025一季报,12.88亿|2024年报,0.640,18.52,17.67,1.43,0.81,2738.99万,4.99亿,6.76,2.8084,353.65亿,353.65亿,1000000120,False
28,002925,盈趣科技,SZ,20.11,1.16,26.89,129.43|2025年报,-,5.77亿|2025年报,1.78亿|2025三季报,1.38亿|2025半年报,7664.03万|2025一季报,2.52亿|2024年报,-,5.99亿|2025年报,1.96亿|2025三季报,1.48亿|2025半年报,7854.87万|2025一季报,2.67亿|2024年报,0.230,20.31,19.76,1.95,1.27,1428.39万,2.86亿,6.72,3.0566,155.18亿,147.01亿,1000803513,False
29,002454,松芝股份,SZ,10.53,-0.38,26.75,81.32|2025年报,-,2.47亿|2025年报,2.13亿|2025三季报,1.42亿|2025半年报,9323.97万|2025一季报,1.36亿|2024年报,-,2.86亿|2025年报,2.46亿|2025三季报,1.65亿|2025半年报,1.04亿|2025一季报,1.60亿|2024年报,-0.040,10.60,10.35,3.73,0.81,2340.02万,2.45亿,6.69,1.6516,66.19亿,66.02亿,1000006292,False
30,600369,西南证券,SH,4.26,0.24,26.65,51.90|2025年报,-,10.62亿|2025年报,7.06亿|2025三季报,4.23亿|2025半年报,2.46亿|2025一季报,6.99亿|2024年报,-,10.62亿|2025年报,7.06亿|2025三季报,4.23亿|2025半年报,2.46亿|2025一季报,6.99亿|2024年报,0.010,4.29,4.24,0.43,0.85,2838.67万,1.21亿,6.66,1.0784,283.08亿,283.08亿,1000000892,False
31,002475,立讯精密,SZ,60.45,2.84,26.53,24.20|2025年报,-,166.00亿|2025年报,115.18亿|2025三季报,66.44亿|2025半年报,30.44亿|2025一季报,133.66亿|2024年报,-,181.70亿|2025年报,127.28亿|2025三季报,72.98亿|2025半年报,33.77亿|2025一季报,145.79亿|2024年报,1.670,60.65,58.00,2.75,0.73,2.00亿,119.04亿,6.63,5.2188,4404.38亿,4394.28亿,1000007943,False
32,601456,国联民生,SH,9.33,0.21,26.38,405.49|2025年报,-,20.09亿|2025年报,17.63亿|2025三季报,11.27亿|2025半年报,3.76亿|2025一季报,3.97亿|2024年报,-,20.31亿|2025年报,17.79亿|2025三季报,11.37亿|2025半年报,3.79亿|2025一季报,4.06亿|2024年报,0.020,9.36,9.30,0.45,0.79,1983.27万,1.85亿,6.60,1.0097,530.00亿,408.37亿,1000868277,False
33,002920,德赛西威,SZ,108.39,3.77,26.36,22.38|2025年报,-,24.54亿|2025年报,17.88亿|2025三季报,12.23亿|2025半年报,5.82亿|2025一季报,20.05亿|2024年报,-,24.73亿|2025年报,18.05亿|2025三季报,12.34亿|2025半年报,5.87亿|2025一季报,20.18亿|2024年报,3.940,108.48,105.81,1.93,1.78,1072.13万,11.53亿,6.59,4.4079,646.88亿,601.27亿,1000721966,False
34,603586,金麒麟,SH,18.33,0.60,26.35,47.95|2025年报,-,1.36亿|2025年报,1.33亿|2025三季报,1.08亿|2025半年报,7506.44万|2025一季报,9217.01万|2024年报,-,1.36亿|2025年报,1.33亿|2025三季报,1.08亿|2025半年报,7506.44万|2025一季报,9217.01万|2024年报,0.110,18.38,18.11,0.80,0.90,156.37万,2855.76万,6.59,1.5608,35.94亿,35.94亿,1000498861,False
35,300750,宁德时代,SZ,453.98,5.33,26.24,48.52|2026一季报,207.38亿|2026一季报,722.01亿|2025年报,490.34亿|2025三季报,304.85亿|2025半年报,139.63亿|2025一季报,-,227.37亿|2026一季报,767.86亿|2025年报,522.97亿|2025三季报,323.65亿|2025半年报,148.62亿|2025一季报,-,22.980,460.00,433.02,1.49,1.59,6350.62万,285.17亿,24.98,6.3399,2.07万亿,1.93万亿,1001194744,False
36,300059,东方财富,SZ,20.06,1.06,26.23,25.75|2025年报,-,120.85亿|2025年报,90.97亿|2025三季报,55.67亿|2025半年报,27.15亿|2025一季报,96.10亿|2024年报,-,120.85亿|2025年报,90.97亿|2025三季报,55.67亿|2025半年报,27.15亿|2025一季报,96.10亿|2024年报,0.210,20.25,19.86,1.77,0.72,2.36亿,47.36亿,6.56,3.5110,3170.29亿,2675.55亿,1000008935,False
37,000407,胜利股份,SZ,4.63,0.87,26.16,32.87|2025年报,-,1.56亿|2025年报,1.20亿|2025三季报,8844.26万|2025半年报,2744.44万|2025一季报,1.17亿|2024年报,-,2.05亿|2025年报,1.51亿|2025三季报,1.12亿|2025半年报,3550.40万|2025一季报,1.39亿|2024年报,0.040,4.65,4.54,1.97,1.05,1727.28万,7957.18万,6.54,1.3342,40.75亿,40.55亿,1000002104,False
38,300456,赛微电子,SZ,52.55,0.25,26.11,966.77|2025年报,-,14.73亿|2025年报,15.76亿|2025三季报,-65.03万|2025半年报,264.21万|2025一季报,-1.70亿|2024年报,-,13.88亿|2025年报,15.14亿|2025三季报,-2888.75万|2025半年报,-2012.53万|2025一季报,-2.55亿|2024年报,0.130,53.28,51.88,6.97,0.61,4163.37万,21.86亿,6.53,5.7136,384.78亿,313.96亿,1000317362,False
39,002553,南方精工,SZ,25.49,0.51,26.07,1316.84|2025年报,-,3.46亿|2025年报,3.67亿|2025三季报,2.29亿|2025半年报,9150.76万|2025一季报,2439.28万|2024年报,-,3.23亿|2025年报,3.57亿|2025三季报,2.23亿|2025半年报,8947.44万|2025一季报,960.59万|2024年报,0.130,25.72,25.24,3.45,0.66,865.88万,2.20亿,6.52,5.7336,90.08亿,63.93亿,1000008292,False
40,920357,雅葆轩,BJ,24.25,2.45,26.06,71.89|2026一季报,2074.48万|2026一季报,6583.11万|2025年报,4871.88万|2025三季报,2927.07万|2025半年报,1206.84万|2025一季报,-,2068.50万|2026一季报,6582.79万|2025年报,4871.88万|2025三季报,2927.07万|2025半年报,1206.84万|2025一季报,-,0.580,25.50,23.96,5.50,3.71,244.96万,5965.29万,23.40,4.5796,19.42亿,10.79亿,1000694139,False
41,688208,道通科技,SH,36.30,2.89,25.99,46.02|2025年报,-,9.36亿|2025年报,7.33亿|2025三季报,4.80亿|2025半年报,1.99亿|2025一季报,6.41亿|2024年报,-,8.90亿|2025年报,7.00亿|2025三季报,4.55亿|2025半年报,1.86亿|2025一季报,5.60亿|2024年报,1.020,36.82,35.35,1.58,0.89,1056.79万,3.82亿,6.50,6.6147,243.28亿,243.28亿,1000576792,False
42,688278,特宝生物,SH,65.00,0.02,25.73,24.61|2025年报,-,10.31亿|2025年报,6.66亿|2025三季报,4.28亿|2025半年报,1.82亿|2025一季报,8.28亿|2024年报,-,10.31亿|2025年报,6.66亿|2025三季报,4.28亿|2025半年报,1.82亿|2025一季报,8.28亿|2024年报,0.010,65.10,63.52,0.62,1.03,252.39万,1.63亿,6.43,7.6915,265.32亿,265.32亿,1001802168,False
43,300320,海达股份,SZ,9.91,0.81,25.64,43.67|2025年报,-,2.32亿|2025年报,1.67亿|2025三季报,1.08亿|2025半年报,5264.84万|2025一季报,1.62亿|2024年报,-,2.37亿|2025年报,1.70亿|2025三季报,1.11亿|2025半年报,5411.46万|2025一季报,1.69亿|2024年报,0.080,9.94,9.50,3.51,2.02,1705.52万,1.67亿,6.41,2.3534,59.58亿,48.10亿,1000010270,False
44,600995,南网储能,SH,14.16,0.07,25.59,49.89|2025年报,-,16.89亿|2025年报,14.33亿|2025三季报,8.32亿|2025半年报,3.74亿|2025一季报,11.26亿|2024年报,-,20.78亿|2025年报,17.38亿|2025三季报,10.09亿|2025半年报,4.55亿|2025一季报,14.32亿|2024年报,0.010,14.30,14.03,0.75,1.11,2401.45万,3.41亿,6.70,1.9593,452.55亿,452.55亿,1000002388,False
45,300644,南京聚隆,SZ,30.63,3.65,25.59,57.05|2025年报,-,1.32亿|2025年报,1.01亿|2025三季报,5736.44万|2025半年报,3052.77万|2025一季报,8433.97万|2024年报,-,1.35亿|2025年报,1.03亿|2025三季报,5838.36万|2025半年报,3079.17万|2025一季报,8709.61万|2024年报,1.080,30.68,29.48,4.57,1.09,405.17万,1.23亿,6.40,3.2262,33.89亿,27.13亿,1001002449,False
46,300685,艾德生物,SZ,23.52,2.04,25.49,41.74|2025年报,-,3.61亿|2025年报,2.63亿|2025三季报,1.89亿|2025半年报,9047.18万|2025一季报,2.55亿|2024年报,-,3.61亿|2025年报,2.63亿|2025三季报,1.89亿|2025半年报,9047.18万|2025一季报,2.55亿|2024年报,0.470,23.70,23.04,3.98,1.30,1549.46万,3.62亿,6.37,4.4792,92.09亿,91.63亿,1000602812,False
47,300866,安克创新,SZ,120.68,7.89,25.42,20.37|2025年报,-,25.45亿|2025年报,19.33亿|2025三季报,11.67亿|2025半年报,4.96亿|2025一季报,21.14亿|2024年报,-,26.17亿|2025年报,19.69亿|2025三季报,11.66亿|2025半年报,5.24亿|2025一季报,22.11亿|2024年报,8.830,120.88,112.00,4.19,1.62,1287.43万,15.17亿,6.36,6.1487,647.04亿,371.12亿,1001855434,False
48,920166,海圣医疗,BJ,28.88,0.10,25.34,21.01|2025年报,-,8581.59万|2025年报,5878.20万|2025三季报,3549.42万|2025半年报,1183.53万|2025一季报,7091.75万|2024年报,-,8581.59万|2025年报,5878.20万|2025三季报,3549.42万|2025半年报,1183.53万|2025一季报,7091.75万|2024年报,0.030,29.83,28.80,5.04,0.87,119.74万,3495.50万,12.67,3.5583,21.74亿,6.86亿,1004207982,False
49,920106,林泰新材,BJ,63.21,-1.22,25.34,74.22|2025年报,-,1.41亿|2025年报,1.07亿|2025三季报,7516.27万|2025半年报,3836.16万|2025一季报,8104.32万|2024年报,-,1.41亿|2025年报,1.07亿|2025三季报,7516.27万|2025半年报,3836.16万|2025一季报,8104.32万|2024年报,-0.780,64.24,62.97,1.16,1.07,50.55万,3205.68万,6.33,6.1829,35.77亿,27.59亿,1003875158,False
50,001210,金房能源,SZ,21.59,2.42,25.19,176.06|2025年报,-,1.34亿|2025年报,8980.32万|2025三季报,1.20亿|2025半年报,1.30亿|2025一季报,4868.99万|2024年报,-,1.25亿|2025年报,8627.42万|2025三季报,1.18亿|2025半年报,1.32亿|2025一季报,5219.22万|2024年报,0.510,21.63,20.96,3.12,1.42,297.75万,6366.59万,6.30,2.5235,33.86亿,20.58亿,1001090153,False
51,001391,国货航,SZ,5.32,-0.19,25.13,32.33|2025年报,-,25.85亿|2025年报,18.36亿|2025三季报,12.40亿|2025半年报,5.79亿|2025一季报,19.53亿|2024年报,-,25.85亿|2025年报,18.36亿|2025三季报,12.40亿|2025半年报,5.79亿|2025一季报,19.54亿|2024年报,-0.010,5.33,5.30,0.97,0.86,1466.43万,7791.40万,6.28,2.4197,649.51亿,80.83亿,1003354144,False
52,605499,东鹏饮料,SH,194.26,0.39,24.85,32.72|2025年报,-,44.15亿|2025年报,37.61亿|2025三季报,23.75亿|2025半年报,9.80亿|2025一季报,33.27亿|2024年报,-,44.14亿|2025年报,37.60亿|2025三季报,23.75亿|2025半年报,9.80亿|2025一季报,33.26亿|2024年报,0.760,195.22,192.25,0.82,0.91,428.20万,8.31亿,6.21,11.6455,1097.12亿,1010.18亿,1002224299,False
53,920768,拾比佰,BJ,11.99,6.48,24.63,1569.76|2025年报,-,5401.43万|2025年报,4582.43万|2025三季报,2922.64万|2025半年报,1091.18万|2025一季报,-367.50万|2024年报,-,5401.43万|2025年报,4582.43万|2025三季报,2922.64万|2025半年报,1091.18万|2025一季报,-367.50万|2024年报,0.730,12.60,11.75,7.22,5.15,552.04万,6614.42万,6.16,1.8818,13.31亿,9.17亿,1000376210,False
54,300001,特锐德,SZ,28.89,0.87,24.53,35.62|2025年报,-,12.43亿|2025年报,6.86亿|2025三季报,3.27亿|2025半年报,6477.73万|2025一季报,9.17亿|2024年报,-,13.14亿|2025年报,6.90亿|2025三季报,3.24亿|2025半年报,4639.30万|2025一季报,9.39亿|2024年报,0.250,29.20,28.34,2.05,0.80,2125.35万,6.11亿,6.13,3.5683,304.94亿,298.98亿,1000008188,False
55,002258,利尔化学,SZ,14.67,0.82,24.53,122.33|2025年报,-,4.79亿|2025年报,3.81亿|2025三季报,2.71亿|2025半年报,1.53亿|2025一季报,2.15亿|2024年报,-,5.81亿|2025年报,4.51亿|2025三季报,3.27亿|2025半年报,1.86亿|2025一季报,2.98亿|2024年报,0.120,14.80,14.50,1.34,0.97,1067.66万,1.57亿,6.13,1.4885,117.42亿,117.24亿,1000007534,False
56,603296,华勤技术,SH,97.57,-1.32,24.44,38.55|2025年报,-,40.54亿|2025年报,30.99亿|2025三季报,18.89亿|2025半年报,8.42亿|2025一季报,29.26亿|2024年报,-,41.05亿|2025年报,31.15亿|2025三季报,18.90亿|2025半年报,8.39亿|2025一季报,29.14亿|2024年报,-1.310,98.94,95.65,2.45,0.91,1394.95万,13.57亿,6.11,3.8417,991.05亿,556.62亿,1002681202,False
57,002083,孚日股份,SZ,12.34,-5.66,24.27,41.52|2026一季报,1.80亿|2026一季报,4.28亿|2025年报,2.96亿|2025三季报,2.46亿|2025半年报,1.27亿|2025一季报,-,1.78亿|2026一季报,4.11亿|2025年报,2.87亿|2025三季报,2.40亿|2025半年报,1.24亿|2025一季报,-,-0.740,12.80,12.07,12.72,1.39,1.20亿,14.88亿,16.19,2.3915,116.82亿,116.82亿,1000009908,False
58,688612,威迈斯,SH,31.89,0.82,23.94,39.51|2025年报,-,5.58亿|2025年报,4.25亿|2025三季报,2.72亿|2025半年报,1.01亿|2025一季报,4.00亿|2024年报,-,5.59亿|2025年报,4.26亿|2025三季报,2.73亿|2025半年报,1.01亿|2025一季报,4.12亿|2024年报,0.260,32.17,31.12,2.15,1.12,543.80万,1.72亿,5.99,3.6852,133.68亿,80.54亿,1001898939,False
59,600621,华鑫股份,SH,14.27,0.78,23.82,73.98|2025年报,-,6.36亿|2025年报,5.06亿|2025三季报,2.24亿|2025半年报,1.37亿|2025一季报,3.65亿|2024年报,-,6.36亿|2025年报,5.06亿|2025三季报,2.24亿|2025半年报,1.37亿|2025一季报,3.66亿|2024年报,0.110,14.31,14.15,0.90,0.70,955.88万,1.36亿,5.95,1.6459,151.39亿,151.39亿,1000000915,False
60,601002,晋亿实业,SH,6.04,0.83,23.80,86.12|2025年报,-,2.42亿|2025年报,1.63亿|2025三季报,1.17亿|2025半年报,5755.73万|2025一季报,1.30亿|2024年报,-,2.43亿|2025年报,1.64亿|2025三季报,1.18亿|2025半年报,5789.29万|2025一季报,1.31亿|2024年报,0.050,6.05,5.86,4.28,0.64,4089.09万,2.45亿,5.95,1.3314,57.65亿,57.65亿,1000006541,False
61,603271,永杰新材,SH,50.15,2.87,23.76,30.00|2025年报,-,4.15亿|2025年报,3.09亿|2025三季报,1.86亿|2025半年报,7571.27万|2025一季报,3.19亿|2024年报,-,4.15亿|2025年报,3.09亿|2025三季报,1.86亿|2025半年报,7571.27万|2025一季报,3.19亿|2024年报,1.400,51.33,48.29,6.68,2.51,631.62万,3.14亿,5.94,3.3742,98.66亿,47.43亿,1003139200,False
62,600089,特变电工,SH,27.95,-0.96,23.72,44.01|2025年报,-,59.54亿|2025年报,54.84亿|2025三季报,31.84亿|2025半年报,16.00亿|2025一季报,41.35亿|2024年报,-,60.01亿|2025年报,57.35亿|2025三季报,34.05亿|2025半年报,16.58亿|2025一季报,35.98亿|2024年报,-0.270,27.96,27.11,4.33,1.31,2.19亿,60.13亿,5.93,2.0206,1412.26亿,1412.26亿,1000002271,False
63,600236,桂冠电力,SH,9.81,1.34,23.58,43.63|2025年报,-,32.80亿|2025年报,24.19亿|2025三季报,11.88亿|2025半年报,5.43亿|2025一季报,22.83亿|2024年报,-,37.13亿|2025年报,27.66亿|2025三季报,13.65亿|2025半年报,6.09亿|2025一季报,26.36亿|2024年报,0.130,9.86,9.63,0.17,0.86,1339.63万,1.31亿,5.89,4.2373,773.26亿,773.26亿,1000001805,False
64,603025,大豪科技,SH,14.89,2.20,23.41,21.54|2025年报,-,7.10亿|2025年报,6.01亿|2025三季报,3.99亿|2025半年报,1.68亿|2025一季报,5.84亿|2024年报,-,7.59亿|2025年报,6.34亿|2025三季报,4.23亿|2025半年报,1.79亿|2025一季报,6.24亿|2024年报,0.320,14.96,14.58,1.06,0.76,1178.00万,1.74亿,5.85,6.1090,166.27亿,165.16亿,1000309734,False
65,002860,星帅尔,SZ,12.98,-0.92,23.40,38.86|2025年报,-,2.00亿|2025年报,1.77亿|2025三季报,1.22亿|2025半年报,6429.95万|2025一季报,1.44亿|2024年报,-,2.01亿|2025年报,1.79亿|2025三季报,1.22亿|2025半年报,6530.10万|2025一季报,1.47亿|2024年报,-0.120,13.10,12.73,2.88,1.28,1013.10万,1.31亿,5.85,2.0379,46.69亿,45.63亿,1000498864,False
66,300043,星辉娱乐,SZ,5.67,2.90,23.39,165.89|2025年报,-,3.02亿|2025年报,2.68亿|2025三季报,1.55亿|2025半年报,-4758.44万|2025一季报,-4.58亿|2024年报,-,3.02亿|2025年报,2.69亿|2025三季报,1.55亿|2025半年报,-4769.35万|2025一季报,-4.59亿|2024年报,0.160,5.70,5.53,3.25,1.47,4047.20万,2.28亿,5.85,4.0301,70.55亿,70.51亿,1000008359,False
67,605020,永和股份,SH,25.32,0.92,23.03,123.46|2025年报,-,5.62亿|2025年报,4.69亿|2025三季报,2.71亿|2025半年报,9739.00万|2025一季报,2.51亿|2024年报,-,5.62亿|2025年报,4.70亿|2025三季报,2.72亿|2025半年报,9790.42万|2025一季报,2.52亿|2024年报,0.230,25.39,25.03,1.29,0.88,646.83万,1.63亿,5.76,2.2496,129.33亿,127.33亿,1002268501,False
68,000531,穗恒运Ａ,SZ,6.68,0.91,23.00,81.54|2025年报,-,3.02亿|2025年报,4.39亿|2025三季报,2.17亿|2025半年报,9745.84万|2025一季报,1.67亿|2024年报,-,2.54亿|2025年报,4.56亿|2025三季报,2.34亿|2025半年报,1.03亿|2025一季报,1.96亿|2024年报,0.060,6.70,6.56,1.50,0.67,1365.08万,9062.28万,5.75,1.0312,69.57亿,60.77亿,1000004100,False
69,920028,新恒泰,BJ,15.53,-1.90,22.95,21.21|2025年报,-,1.11亿|2025年报,7465.30万|2025三季报,5134.50万|2025半年报,2045.48万|2025一季报,9176.43万|2024年报,-,1.11亿|2025年报,7465.30万|2025三季报,5134.50万|2025半年报,2045.48万|2025一季报,9176.43万|2024年报,-0.300,15.89,15.35,10.28,0.91,437.37万,6769.78万,11.47,2.2898,25.53亿,6.61亿,1004168319,False
70,601061,中信金属,SH,12.53,2.45,22.83,20.16|2025年报,-,26.89亿|2025年报,23.26亿|2025三季报,14.48亿|2025半年报,5.71亿|2025一季报,22.38亿|2024年报,-,26.89亿|2025年报,23.26亿|2025三季报,14.48亿|2025半年报,5.71亿|2025一季报,22.38亿|2024年报,0.300,12.66,12.26,0.37,1.18,1791.56万,2.24亿,5.71,2.6421,613.97亿,613.97亿,1002877128,False
71,300259,新天科技,SZ,4.86,1.04,22.68,30.81|2025年报,-,2.51亿|2025年报,1.60亿|2025三季报,7890.33万|2025半年报,2720.73万|2025一季报,1.92亿|2024年报,-,2.51亿|2025年报,1.59亿|2025三季报,7889.99万|2025半年报,2720.57万|2025一季报,1.92亿|2024年报,0.050,4.88,4.74,1.97,0.93,2301.02万,1.11亿,5.67,1.8621,56.85亿,56.84亿,1000009777,False
72,600738,丽尚国潮,SH,4.87,1.67,22.61,126.02|2025年报,-,1.64亿|2025年报,1.16亿|2025三季报,7973.18万|2025半年报,5884.93万|2025一季报,7255.25万|2024年报,-,1.60亿|2025年报,1.12亿|2025三季报,7596.80万|2025半年报,5722.45万|2025一季报,4647.22万|2024年报,0.080,4.89,4.78,1.32,0.87,1002.30万,4844.15万,5.65,1.7710,37.08亿,37.04亿,1000002144,False
73,300140,节能环境,SZ,6.33,0.64,22.52,43.89|2025年报,-,8.71亿|2025年报,8.83亿|2025三季报,5.45亿|2025半年报,2.82亿|2025一季报,6.05亿|2024年报,-,8.94亿|2025年报,9.08亿|2025三季报,5.61亿|2025半年报,2.89亿|2025一季报,6.29亿|2024年报,0.040,6.34,6.22,1.84,0.87,1873.58万,1.18亿,5.63,1.3976,196.17亿,64.57亿,1000007192,False
74,600031,三一重工,SH,20.39,-1.31,22.30,40.71|2025年报,-,84.08亿|2025年报,71.36亿|2025三季报,52.16亿|2025半年报,24.71亿|2025一季报,59.75亿|2024年报,-,84.88亿|2025年报,72.39亿|2025三季报,52.85亿|2025半年报,25.02亿|2025一季报,60.93亿|2024年报,-0.270,20.96,20.21,0.97,1.35,8214.11万,16.81亿,5.57,2.1225,1874.86亿,1727.93亿,1000000456,False
75,002823,凯中精密,SZ,15.83,-0.25,22.25,37.32|2025年报,-,2.34亿|2025年报,1.79亿|2025三季报,1.13亿|2025半年报,4905.00万|2025一季报,1.70亿|2024年报,-,2.34亿|2025年报,1.79亿|2025三季报,1.13亿|2025半年报,4905.00万|2025一季报,1.70亿|2024年报,-0.040,15.96,15.63,3.27,1.32,714.89万,1.12亿,5.56,2.5106,51.98亿,34.65亿,1000315638,False
76,300119,瑞普生物,SZ,18.94,-0.47,21.98,33.18|2025年报,-,4.01亿|2025年报,3.62亿|2025三季报,2.57亿|2025半年报,1.16亿|2025一季报,3.01亿|2024年报,-,4.34亿|2025年报,3.91亿|2025三季报,2.72亿|2025半年报,1.20亿|2025一季报,3.30亿|2024年报,-0.090,19.02,18.69,1.51,0.81,502.60万,9473.12万,5.49,1.8716,88.02亿,63.19亿,1000008075,False
77,000729,燕京啤酒,SZ,12.98,-0.08,21.79,59.06|2025年报,-,16.79亿|2025年报,17.70亿|2025三季报,11.03亿|2025半年报,1.65亿|2025一季报,10.56亿|2024年报,-,20.08亿|2025年报,20.57亿|2025三季报,12.69亿|2025半年报,2.27亿|2025一季报,13.24亿|2024年报,-0.010,13.03,12.80,1.91,0.87,4800.37万,6.20亿,5.45,2.3632,365.85亿,325.75亿,1000001776,False
78,002284,亚太股份,SZ,14.36,1.27,21.65,130.18|2025年报,-,4.90亿|2025年报,3.28亿|2025三季报,2.01亿|2025半年报,1.00亿|2025一季报,2.13亿|2024年报,-,4.91亿|2025年报,3.29亿|2025三季报,2.01亿|2025半年报,1.01亿|2025一季报,2.14亿|2024年报,0.180,14.65,14.12,1.77,1.07,1291.41万,1.85亿,5.41,3.1548,106.13亿,104.96亿,1000007927,False
79,600388,龙净环保,SH,18.95,1.72,21.64,33.95|2025年报,-,11.12亿|2025年报,7.80亿|2025三季报,4.45亿|2025半年报,1.85亿|2025一季报,8.30亿|2024年报,-,11.08亿|2025年报,7.85亿|2025三季报,4.46亿|2025半年报,1.85亿|2025一季报,8.23亿|2024年报,0.320,19.06,18.58,1.11,0.71,1408.66万,2.66亿,5.41,2.1929,240.67亿,240.67亿,1000008762,False
80,002946,新乳业,SZ,18.30,0.88,21.54,35.98|2025年报,-,7.31亿|2025年报,6.23亿|2025三季报,3.97亿|2025半年报,1.33亿|2025一季报,5.38亿|2024年报,-,7.54亿|2025年报,6.41亿|2025三季报,4.09亿|2025半年报,1.38亿|2025一季报,5.49亿|2024年报,0.160,18.37,17.80,0.57,0.88,485.12万,8786.01万,5.39,4.1453,157.50亿,155.68亿,1001117727,False
81,600817,宇通重工,SH,12.46,0.32,21.48,36.25|2025年报,-,3.09亿|2025年报,1.87亿|2025三季报,1.19亿|2025半年报,5154.78万|2025一季报,2.27亿|2024年报,-,3.29亿|2025年报,1.98亿|2025三季报,1.22亿|2025半年报,5055.98万|2025一季报,2.55亿|2024年报,0.040,12.65,12.42,0.81,0.49,428.19万,5360.39万,5.37,2.5978,66.45亿,65.94亿,1000000181,False
82,002249,大洋电机,SZ,9.43,0.75,21.46,21.99|2025年报,-,10.83亿|2025年报,8.45亿|2025三季报,6.02亿|2025半年报,2.84亿|2025一季报,8.88亿|2024年报,-,11.56亿|2025年报,8.96亿|2025三季报,6.40亿|2025半年报,2.94亿|2025一季报,9.12亿|2024年报,0.070,9.44,9.35,1.36,0.94,2534.51万,2.38亿,5.36,2.3551,232.21亿,175.27亿,1000007544,False
83,300850,新强联,SZ,42.33,-0.96,21.42,1151.44|2025年报,-,8.18亿|2025年报,6.64亿|2025三季报,4.00亿|2025半年报,1.70亿|2025一季报,6537.77万|2024年报,-,8.43亿|2025年报,6.85亿|2025三季报,4.12亿|2025半年报,1.76亿|2025一季报,8570.39万|2024年报,-0.410,42.88,41.84,5.34,0.99,1605.46万,6.77亿,5.36,2.5042,175.28亿,127.32亿,1001838970,False
84,600787,中储股份,SH,5.38,-0.19,21.40,35.37|2025年报,-,5.46亿|2025年报,4.44亿|2025三季报,4.15亿|2025半年报,6441.14万|2025一季报,4.03亿|2024年报,-,5.73亿|2025年报,4.84亿|2025三季报,4.41亿|2025半年报,7880.54万|2025一季报,4.86亿|2024年报,-0.010,5.41,5.34,0.82,1.06,1781.03万,9567.18万,5.35,0.8391,116.75亿,116.75亿,1000002102,False
85,002379,宏桥控股,SZ,29.30,3.64,21.37,25996.02|2025年报,-,178.64亿|2025年报,-1.70亿|2025三季报,-1.18亿|2025半年报,-5589.86万|2025一季报,-6898.18万|2024年报,-,187.56亿|2025年报,-1.70亿|2025三季报,-1.18亿|2025半年报,-5589.86万|2025一季报,-6898.18万|2024年报,1.030,29.36,28.40,1.50,1.08,1703.45万,4.93亿,5.34,3.5000,3818.12亿,332.96亿,1000008036,False
86,002392,北京利尔,SZ,7.19,0.56,21.35,25.86|2025年报,-,4.01亿|2025年报,3.48亿|2025三季报,2.18亿|2025半年报,1.26亿|2025一季报,3.19亿|2024年报,-,4.08亿|2025年报,3.52亿|2025三季报,2.19亿|2025半年报,1.26亿|2025一季报,3.33亿|2024年报,0.040,7.22,7.10,0.99,0.73,1135.17万,8136.02万,5.34,1.4692,85.60亿,82.25亿,1000007859,False
87,603993,洛阳钼业,SH,20.29,1.60,21.34,50.30|2025年报,-,203.39亿|2025年报,142.80亿|2025三季报,86.71亿|2025半年报,39.46亿|2025一季报,135.32亿|2024年报,-,240.27亿|2025年报,164.88亿|2025三季报,98.43亿|2025半年报,44.10亿|2025一季报,154.59亿|2024年报,0.320,20.34,19.98,1.24,0.83,2.16亿,43.66亿,5.34,5.2658,4340.91亿,3542.81亿,1000011995,False
88,600196,复星医药,SH,26.70,-0.37,21.15,21.69|2025年报,-,33.71亿|2025年报,25.23亿|2025三季报,17.02亿|2025半年报,7.65亿|2025一季报,27.70亿|2024年报,-,42.48亿|2025年报,30.56亿|2025三季报,21.00亿|2025半年报,9.42亿|2025一季报,35.12亿|2024年报,-0.100,26.87,26.61,0.75,0.84,1582.59万,4.23亿,5.29,1.4628,713.00亿,565.64亿,1000000429,False
89,300695,兆丰股份,SZ,72.21,0.80,21.07,150.90|2025年报,-,3.50亿|2025年报,3.03亿|2025三季报,7107.21万|2025半年报,3146.29万|2025一季报,1.40亿|2024年报,-,3.52亿|2025年报,3.04亿|2025三季报,7299.55万|2025半年报,3237.38万|2025一季报,1.32亿|2024年报,0.570,73.19,71.41,0.81,0.57,83.16万,5998.16万,5.27,2.5493,73.84亿,73.84亿,1000576682,False
90,301283,聚胶股份,SZ,49.90,8.10,20.99,144.63|2025年报,-,1.91亿|2025年报,1.42亿|2025三季报,8112.42万|2025半年报,3551.70万|2025一季报,7815.69万|2024年报,-,1.92亿|2025年报,1.41亿|2025三季报,8046.59万|2025半年报,3551.48万|2025一季报,7803.77万|2024年报,3.740,50.69,47.15,5.56,4.18,351.64万,1.72亿,5.25,2.3702,40.13亿,31.58亿,1002618220,False
91,000807,云铝股份,SZ,36.42,5.69,20.86,37.24|2025年报,-,60.55亿|2025年报,43.98亿|2025三季报,27.68亿|2025半年报,9.74亿|2025一季报,44.12亿|2024年报,-,73.48亿|2025年报,52.20亿|2025三季报,31.67亿|2025半年报,11.14亿|2025一季报,50.99亿|2024年报,1.960,36.49,35.08,1.77,1.17,6133.18万,21.97亿,5.22,3.9430,1263.03亿,1263.02亿,1000000865,False
92,002961,瑞达期货,SZ,23.85,3.25,20.80,42.95|2025年报,-,5.47亿|2025年报,3.86亿|2025三季报,2.28亿|2025半年报,8105.71万|2025一季报,3.83亿|2024年报,-,5.49亿|2025年报,3.88亿|2025三季报,2.29亿|2025半年报,8148.39万|2025一季报,3.84亿|2024年报,0.750,24.76,23.10,2.90,1.41,1380.10万,3.32亿,5.18,2.9418,113.37亿,113.36亿,1000472476,False
93,300274,阳光电源,SZ,133.90,0.01,20.62,21.97|2025年报,-,134.61亿|2025年报,118.81亿|2025三季报,77.35亿|2025半年报,38.26亿|2025一季报,110.36亿|2024年报,-,135.33亿|2025年报,119.54亿|2025三季报,78.30亿|2025半年报,37.93亿|2025一季报,112.64亿|2024年报,0.010,135.88,132.92,4.09,0.73,6505.59万,87.24亿,5.16,5.9558,2776.03亿,2129.03亿,1000008290,False
94,603799,华友钴业,SH,65.91,5.02,20.46,47.07|2025年报,-,61.10亿|2025年报,42.16亿|2025三季报,27.11亿|2025半年报,12.52亿|2025一季报,41.55亿|2024年报,-,75.20亿|2025年报,51.87亿|2025三季报,34.71亿|2025半年报,17.36亿|2025一季报,51.58亿|2024年报,3.150,65.94,63.15,5.03,1.09,9483.47万,61.23亿,5.11,2.5885,1250.13亿,1241.80亿,1000412125,False
95,002801,微光股份,SZ,32.34,1.79,20.38,65.22|2025年报,-,3.64亿|2025年报,2.91亿|2025三季报,1.72亿|2025半年报,8694.68万|2025一季报,2.21亿|2024年报,-,3.64亿|2025年报,2.91亿|2025三季报,1.72亿|2025半年报,8694.68万|2025一季报,2.21亿|2024年报,0.570,32.41,31.82,1.11,0.89,129.11万,4151.47万,5.09,3.8800,74.26亿,37.45亿,1000303921,False
96,002772,众兴菌业,SZ,18.18,1.39,20.34,161.63|2025年报,-,3.35亿|2025年报,2.04亿|2025三季报,6901.99万|2025半年报,4820.02万|2025一季报,1.28亿|2024年报,-,3.35亿|2025年报,2.04亿|2025三季报,6807.40万|2025半年报,4789.08万|2025一季报,1.27亿|2024年报,0.250,18.42,17.74,3.39,0.96,1261.59万,2.28亿,5.08,1.9636,68.13亿,67.56亿,1000317648,False
97,002592,ST八菱,SZ,8.28,1.22,20.07,67.06|2025年报,-,1.17亿|2025年报,9342.49万|2025三季报,5677.56万|2025半年报,4693.29万|2025一季报,6998.16万|2024年报,-,1.17亿|2025年报,9342.49万|2025三季报,5677.56万|2025半年报,4693.29万|2025一季报,6998.16万|2024年报,0.100,8.38,8.08,1.58,0.69,415.52万,3415.85万,5.02,2.5041,23.46亿,21.75亿,1000009309,False
98,601198,东兴证券,SH,13.01,1.09,20.01,36.10|2025年报,-,21.02亿|2025年报,15.99亿|2025三季报,8.19亿|2025半年报,3.80亿|2025一季报,15.44亿|2024年报,-,21.03亿|2025年报,16.00亿|2025三季报,8.20亿|2025半年报,3.80亿|2025一季报,15.51亿|2024年报,0.140,13.05,12.90,0.47,0.73,1532.64万,1.99亿,5.00,1.3907,420.54亿,420.54亿,1000304608,False
99,000100,TCL科技,SZ,4.33,-0.46,19.94,188.78|2025年报,-,45.17亿|2025年报,30.47亿|2025三季报,18.84亿|2025半年报,10.13亿|2025一季报,15.64亿|2024年报,-,2.14亿|2025年报,4.83亿|2025三季报,3168.30万|2025半年报,2.08亿|2025一季报,-41.56亿|2024年报,-0.020,4.36,4.26,1.70,1.10,3.25亿,14.01亿,4.99,1.4661,900.68亿,828.41亿,1000002254,False
100,001380,华纬科技,SZ,20.22,0.90,19.91,21.49|2025年报,-,2.75亿|2025年报,2.05亿|2025三季报,1.27亿|2025半年报,6384.75万|2025一季报,2.26亿|2024年报,-,2.79亿|2025年报,2.09亿|2025三季报,1.30亿|2025半年报,6584.19万|2025一季报,2.34亿|2024年报,0.180,20.35,20.03,1.57,0.83,138.26万,2787.78万,4.98,2.8406,54.77亿,17.79亿,1003058179,False
101,000792,盐湖股份,SZ,38.51,4.05,19.84,81.76|2025年报,-,84.76亿|2025年报,45.03亿|2025三季报,25.15亿|2025半年报,11.45亿|2025一季报,46.63亿|2024年报,-,89.47亿|2025年报,48.36亿|2025三季报,27.09亿|2025半年报,12.60亿|2025一季报,49.14亿|2024年报,1.500,38.93,37.22,2.11,1.12,1.12亿,42.76亿,6.01,4.5651,2037.78亿,2037.77亿,1000000845,False
102,603588,高能环境,SH,15.70,3.29,19.66,168.40|2026一季报,6.03亿|2026一季报,8.38亿|2025年报,6.46亿|2025三季报,5.02亿|2025半年报,2.25亿|2025一季报,-,7.22亿|2026一季报,10.39亿|2025年报,7.77亿|2025三季报,5.69亿|2025半年报,2.62亿|2025一季报,-,0.500,15.80,15.03,5.82,0.66,8861.03万,13.62亿,9.92,2.3336,239.15亿,239.15亿,1000310515,False
103,002345,潮宏基,SZ,10.82,1.60,19.34,156.66|2025年报,-,4.97亿|2025年报,3.17亿|2025三季报,3.31亿|2025半年报,1.89亿|2025一季报,1.94亿|2024年报,-,4.72亿|2025年报,3.16亿|2025三季报,3.33亿|2025半年报,1.90亿|2025一季报,1.69亿|2024年报,0.170,10.90,10.61,1.89,1.19,1641.79万,1.77亿,4.84,2.5542,96.14亿,93.83亿,1000008356,False
104,601788,光大证券,SH,15.58,0.06,19.29,21.77|2025年报,-,37.24亿|2025年报,26.78亿|2025三季报,16.83亿|2025半年报,8.19亿|2025一季报,30.58亿|2024年报,-,37.58亿|2025年报,27.06亿|2025三季报,16.96亿|2025半年报,8.24亿|2025一季报,30.86亿|2024年报,0.010,15.69,15.53,0.45,0.97,1770.13万,2.76亿,4.82,1.1791,718.36亿,608.66亿,1000000061,False
105,601808,中海油服,SH,15.34,0.20,19.05,22.47|2025年报,-,38.42亿|2025年报,32.09亿|2025三季报,19.64亿|2025半年报,8.87亿|2025一季报,31.37亿|2024年报,-,40.60亿|2025年报,33.91亿|2025三季报,20.77亿|2025半年报,9.37亿|2025一季报,33.99亿|2024年报,0.030,15.34,15.11,0.59,0.66,1744.50万,2.65亿,4.76,1.5716,731.96亿,454.14亿,1000006720,False
106,601168,西部矿业,SH,28.90,2.34,18.91,24.26|2025年报,-,36.43亿|2025年报,29.45亿|2025三季报,18.69亿|2025半年报,8.08亿|2025一季报,29.32亿|2024年报,-,61.52亿|2025年报,51.83亿|2025三季报,33.63亿|2025半年报,15.51亿|2025一季报,52.94亿|2024年报,0.660,29.14,28.36,2.03,0.96,4843.52万,13.92亿,4.73,3.7530,688.69亿,688.69亿,1000007794,False
107,689009,九号公司-WD,SH,45.81,1.39,18.83,62.17|2025年报,-,17.58亿|2025年报,17.87亿|2025三季报,12.42亿|2025半年报,4.56亿|2025一季报,10.84亿|2024年报,-,17.62亿|2025年报,17.50亿|2025三季报,12.52亿|2025半年报,4.56亿|2025一季报,10.85亿|2024年报,0.630,46.24,45.27,1.91,1.03,1064.04万,4.88亿,4.71,4.6101,331.05亿,254.55亿,1001830005,False
108,002673,西部证券,SZ,7.36,0.27,18.76,24.97|2025年报,-,17.54亿|2025年报,12.43亿|2025三季报,7.85亿|2025半年报,2.91亿|2025一季报,14.03亿|2024年报,-,18.13亿|2025年报,12.65亿|2025三季报,7.99亿|2025半年报,2.98亿|2025一季报,14.28亿|2024年报,0.020,7.40,7.33,0.45,0.74,2001.60万,1.47亿,4.69,1.0915,328.96亿,328.96亿,1000001680,False
109,000778,新兴铸管,SZ,4.47,0.22,18.70,465.67|2025年报,-,9.47亿|2025年报,6.99亿|2025三季报,4.04亿|2025半年报,1.37亿|2025一季报,1.67亿|2024年报,-,10.14亿|2025年报,7.53亿|2025三季报,4.39亿|2025半年报,1.53亿|2025一季报,-2878.24万|2024年报,0.010,4.50,4.44,0.89,0.55,3458.42万,1.54亿,4.68,0.6717,177.15亿,174.04亿,1000000408,False
110,002895,川恒股份,SZ,38.53,2.31,18.52,31.76|2025年报,-,12.60亿|2025年报,9.65亿|2025三季报,5.36亿|2025半年报,2.02亿|2025一季报,9.56亿|2024年报,-,13.35亿|2025年报,10.18亿|2025三季报,5.59亿|2025半年报,2.10亿|2025一季报,9.58亿|2024年报,0.870,38.88,37.25,1.31,0.77,779.72万,2.98亿,4.63,3.0290,233.46亿,229.24亿,1000712764,False
111,688336,三生国健,SH,86.57,-3.04,18.46,311.49|2025年报,-,28.99亿|2025年报,3.99亿|2025三季报,1.90亿|2025半年报,1.03亿|2025一季报,7.05亿|2024年报,-,28.92亿|2025年报,3.90亿|2025三季报,1.86亿|2025半年报,1.00亿|2025一季报,6.91亿|2024年报,-2.710,88.18,83.53,1.91,0.92,1176.21万,10.13亿,4.61,6.3186,535.08亿,533.95亿,1002029707,False
112,601339,百隆东方,SH,8.05,4.01,18.40,59.96|2025年报,-,6.56亿|2025年报,5.50亿|2025三季报,3.90亿|2025半年报,1.73亿|2025一季报,4.10亿|2024年报,-,6.56亿|2025年报,5.50亿|2025三季报,3.90亿|2025半年报,1.73亿|2025一季报,4.10亿|2024年报,0.310,8.28,7.67,1.57,1.20,2350.68万,1.89亿,4.60,1.3120,120.72亿,120.72亿,1000008744,False
113,600021,上海电力,SH,17.94,-0.66,18.29,35.26|2025年报,-,27.67亿|2025年报,30.50亿|2025三季报,19.09亿|2025半年报,8.29亿|2025一季报,20.46亿|2024年报,-,52.93亿|2025年报,51.61亿|2025三季报,33.77亿|2025半年报,14.67亿|2025一季报,41.63亿|2024年报,-0.120,18.13,17.81,1.65,1.37,4650.07万,8.32亿,4.57,2.4835,506.13亿,506.13亿,1000001152,False
114,600989,宝丰能源,SH,28.16,-0.95,18.19,79.09|2025年报,-,113.50亿|2025年报,89.50亿|2025三季报,57.18亿|2025半年报,24.37亿|2025一季报,63.38亿|2024年报,-,113.50亿|2025年报,89.50亿|2025三季报,57.18亿|2025半年报,24.37亿|2025一季报,63.38亿|2024年报,-0.270,28.49,28.04,1.08,0.71,7950.15万,22.41亿,4.55,4.2676,2065.07亿,2065.07亿,1001247908,False
115,601899,紫金矿业,SH,35.30,1.12,18.13,61.55|2025年报,-,517.77亿|2025年报,378.64亿|2025三季报,232.92亿|2025半年报,101.67亿|2025一季报,320.51亿|2024年报,-,638.22亿|2025年报,457.01亿|2025三季报,286.45亿|2025半年报,124.65亿|2025一季报,393.93亿|2024年报,0.390,35.39,35.00,0.98,0.81,2.01亿,70.78亿,4.53,5.1031,9386.52亿,7272.43亿,1000001989,False
116,002768,国恩股份,SZ,50.50,1.73,18.08,24.38|2025年报,-,8.41亿|2025年报,6.15亿|2025三季报,3.46亿|2025半年报,1.11亿|2025一季报,6.76亿|2024年报,-,8.23亿|2025年报,6.20亿|2025三季报,3.47亿|2025半年报,1.14亿|2025一季报,7.09亿|2024年报,0.860,50.70,49.17,1.19,0.67,210.93万,1.05亿,4.52,2.6541,152.13亿,89.26亿,1000305973,False
117,601377,兴业证券,SH,6.01,-0.17,18.08,32.64|2025年报,-,28.70亿|2025年报,25.21亿|2025三季报,13.30亿|2025半年报,5.16亿|2025一季报,21.64亿|2024年报,-,37.14亿|2025年报,31.98亿|2025三季报,17.23亿|2025半年报,6.97亿|2025一季报,28.97亿|2024年报,-0.010,6.06,5.99,1.02,0.85,8806.31万,5.31亿,4.52,0.9279,519.02亿,519.02亿,1000000057,False
118,600295,鄂尔多斯,SH,15.24,1.60,18.05,27.93|2025年报,-,23.63亿|2025年报,17.06亿|2025三季报,9.89亿|2025半年报,4.59亿|2025一季报,18.47亿|2024年报,-,26.66亿|2025年报,20.42亿|2025三季报,11.74亿|2025半年报,5.13亿|2025一季报,19.68亿|2024年报,0.240,15.39,14.87,0.70,0.84,1385.06万,2.11亿,4.51,1.9573,426.53亿,301.08亿,1000001421,False
119,601066,中信建投,SH,21.92,0.37,18.01,30.68|2025年报,-,94.39亿|2025年报,70.89亿|2025三季报,45.09亿|2025半年报,18.43亿|2025一季报,72.23亿|2024年报,-,94.54亿|2025年报,70.99亿|2025三季报,45.16亿|2025半年报,18.46亿|2025一季报,72.36亿|2024年报,0.080,22.05,21.86,0.12,0.69,806.14万,1.77亿,4.50,2.0496,1700.27亿,1423.85亿,1001030413,False
120,002616,长青集团,SZ,5.80,1.58,17.78,29.33|2025年报,-,2.80亿|2025年报,2.02亿|2025三季报,1.21亿|2025半年报,8104.70万|2025一季报,2.17亿|2024年报,-,2.83亿|2025年报,2.03亿|2025三季报,1.22亿|2025半年报,8166.73万|2025一季报,2.19亿|2024年报,0.090,5.85,5.70,2.07,0.85,1215.65万,7029.72万,4.44,1.3765,49.80亿,34.04亿,1000010133,False
121,600179,安通控股,SH,4.47,0.68,17.42,77.90|2025年报,-,10.86亿|2025年报,6.64亿|2025三季报,5.12亿|2025半年报,2.41亿|2025一季报,6.10亿|2024年报,-,10.86亿|2025年报,6.64亿|2025三季报,5.12亿|2025半年报,2.41亿|2025一季报,6.10亿|2024年报,0.030,4.49,4.42,0.89,1.00,3447.96万,1.54亿,4.35,1.5953,189.15亿,172.64亿,1000001412,False
122,605305,中际联合,SH,43.11,1.32,17.28,68.47|2025年报,-,5.30亿|2025年报,4.38亿|2025三季报,2.62亿|2025半年报,9853.60万|2025一季报,3.15亿|2024年报,-,5.30亿|2025年报,4.38亿|2025三季报,2.62亿|2025半年报,9853.60万|2025一季报,3.15亿|2024年报,0.560,43.48,42.42,3.19,0.59,678.55万,2.92亿,4.32,3.1167,91.62亿,91.62亿,1001958719,False
123,002911,佛燃能源,SZ,13.68,-0.51,17.24,20.77|2025年报,-,10.30亿|2025年报,4.90亿|2025三季报,3.10亿|2025半年报,8102.65万|2025一季报,8.53亿|2024年报,-,11.85亿|2025年报,5.90亿|2025三季报,3.63亿|2025半年报,7598.76万|2025一季报,9.68亿|2024年报,-0.070,13.72,13.48,0.81,0.97,1021.83万,1.39亿,4.31,3.5914,177.59亿,173.33亿,1000010917,False
124,002959,小熊电器,SZ,43.05,0.56,17.09,36.40|2025年报,-,3.93亿|2025年报,2.46亿|2025三季报,2.05亿|2025半年报,1.30亿|2025一季报,2.88亿|2024年报,-,4.20亿|2025年报,2.68亿|2025三季报,2.18亿|2025半年报,1.36亿|2025一季报,3.06亿|2024年报,0.240,43.11,42.59,0.89,0.56,134.08万,5753.45万,4.27,2.2418,67.09亿,64.80亿,1001402309,False
125,002299,圣农发展,SZ,18.71,-0.16,16.85,90.55|2025年报,-,13.80亿|2025年报,11.59亿|2025三季报,9.10亿|2025半年报,1.48亿|2025一季报,7.24亿|2024年报,-,13.87亿|2025年报,11.72亿|2025三季报,9.20亿|2025半年报,1.54亿|2025一季报,7.15亿|2024年报,-0.030,18.82,18.40,0.85,0.81,1033.21万,1.92亿,4.21,2.0746,232.59亿,228.06亿,1000007903,False
126,301109,军信股份,SZ,15.25,1.06,16.79,33.62|2025年报,-,7.17亿|2025年报,6.05亿|2025三季报,4.00亿|2025半年报,1.73亿|2025一季报,5.36亿|2024年报,-,9.94亿|2025年报,8.25亿|2025三季报,5.44亿|2025半年报,2.36亿|2025一季报,6.86亿|2024年报,0.160,15.29,15.06,2.32,0.99,534.24万,8109.25万,4.20,1.5527,120.34亿,35.13亿,1002479170,False
127,601995,中金公司,SH,33.92,1.41,16.72,71.93|2025年报,-,97.91亿|2025年报,65.67亿|2025三季报,43.30亿|2025半年报,20.42亿|2025一季报,56.94亿|2024年报,-,98.00亿|2025年报,65.65亿|2025三季报,43.34亿|2025半年报,20.44亿|2025一季报,56.74亿|2024年报,0.470,34.15,33.78,0.66,1.27,1919.12万,6.51亿,4.18,1.6381,1637.41亿,991.67亿,1002243655,False
128,600079,ST人福,SH,18.98,1.01,16.70,39.53|2025年报,-,18.55亿|2025年报,16.89亿|2025三季报,11.55亿|2025半年报,5.40亿|2025一季报,13.30亿|2024年报,-,24.92亿|2025年报,21.83亿|2025三季报,14.97亿|2025半年报,6.99亿|2025一季报,17.78亿|2024年报,0.190,19.02,18.77,0.83,1.28,1284.41万,2.43亿,4.17,1.6380,309.80亿,292.90亿,1000001745,False
129,300505,川金诺,SZ,27.51,1.66,16.66,157.77|2025年报,-,4.54亿|2025年报,3.04亿|2025三季报,1.77亿|2025半年报,7202.18万|2025一季报,1.76亿|2024年报,-,4.76亿|2025年报,3.19亿|2025三季报,1.86亿|2025半年报,7567.49万|2025一季报,1.85亿|2024年报,0.450,27.58,26.80,7.94,1.09,1725.28万,4.72亿,4.17,2.5911,75.62亿,59.80亿,1000304604,False
130,002140,东华科技,SZ,12.54,1.05,16.66,29.89|2025年报,-,5.33亿|2025年报,3.65亿|2025三季报,2.40亿|2025半年报,1.21亿|2025一季报,4.10亿|2024年报,-,5.20亿|2025年报,3.63亿|2025三季报,2.41亿|2025半年报,1.22亿|2025一季报,3.97亿|2024年报,0.130,12.58,12.36,1.11,1.08,782.06万,9766.40万,4.17,1.8725,88.78亿,88.65亿,1000007256,False
131,600660,福耀玻璃,SH,59.15,0.20,16.58,24.20|2025年报,-,93.12亿|2025年报,70.64亿|2025三季报,48.05亿|2025半年报,20.30亿|2025一季报,74.98亿|2024年报,-,93.17亿|2025年报,70.68亿|2025三季报,48.08亿|2025半年报,20.31亿|2025一季报,75.04亿|2024年报,0.120,59.68,58.81,0.50,0.98,1010.76万,5.99亿,4.14,4.1102,1543.66亿,1184.77亿,1000002179,False
132,603259,药明康德,SH,105.66,-1.10,16.46,102.65|2025年报,-,191.51亿|2025年报,120.76亿|2025三季报,85.61亿|2025半年报,36.72亿|2025一季报,94.50亿|2024年报,-,193.33亿|2025年报,122.06亿|2025三季报,86.60亿|2025半年报,37.15亿|2025一季报,95.68亿|2024年报,-1.170,107.88,105.59,1.41,1.01,3476.48万,36.95亿,4.12,3.9550,3152.64亿,2613.27亿,1001042696,False
133,002648,卫星化学,SZ,28.20,1.00,16.21,34.97|2026一季报,21.17亿|2026一季报,53.11亿|2025年报,37.55亿|2025三季报,27.44亿|2025半年报,15.68亿|2025一季报,-,21.17亿|2026一季报,53.05亿|2025年报,37.55亿|2025三季报,27.42亿|2025半年报,15.68亿|2025一季报,-,0.280,28.33,27.56,1.26,0.68,4230.49万,11.84亿,11.22,2.6795,949.96亿,949.35亿,1000009284,False
134,600415,小商品城,SH,12.33,0.90,16.08,36.76|2025年报,-,42.04亿|2025年报,34.57亿|2025三季报,16.91亿|2025半年报,8.03亿|2025一季报,30.74亿|2024年报,-,42.16亿|2025年报,34.65亿|2025三季报,16.97亿|2025半年报,8.04亿|2025一季报,30.78亿|2024年报,0.110,12.45,12.25,1.24,0.60,6798.49万,8.38亿,4.02,2.9463,676.12亿,676.12亿,1000000004,False
135,603326,我乐家居,SH,8.76,2.46,16.03,43.56|2025年报,-,1.74亿|2025年报,1.38亿|2025三季报,9231.01万|2025半年报,4014.82万|2025一季报,1.21亿|2024年报,-,1.74亿|2025年报,1.38亿|2025三季报,9231.01万|2025半年报,4014.82万|2025一季报,1.21亿|2024年报,0.210,8.81,8.55,1.15,1.01,367.71万,3193.64万,4.01,2.3632,27.96亿,27.96亿,1000625541,False
136,600104,上汽集团,SH,14.05,0.07,15.98,506.45|2025年报,-,101.06亿|2025年报,81.01亿|2025三季报,60.18亿|2025半年报,30.23亿|2025一季报,16.66亿|2024年报,-,174.44亿|2025年报,119.99亿|2025三季报,83.19亿|2025半年报,40.05亿|2025一季报,58.33亿|2024年报,0.010,14.12,14.02,0.37,1.07,4296.25万,6.04亿,4.00,0.5405,1615.09亿,1615.09亿,1000002328,False
137,600983,惠而浦,SH,10.79,0.09,15.91,157.55|2025年报,-,5.20亿|2025年报,3.17亿|2025三季报,2.16亿|2025半年报,1.16亿|2025一季报,2.02亿|2024年报,-,5.20亿|2025年报,3.17亿|2025三季报,2.16亿|2025半年报,1.16亿|2025一季报,2.02亿|2024年报,0.010,10.88,10.69,1.26,0.77,966.45万,1.04亿,3.98,2.7785,82.70亿,82.70亿,1000002023,False
138,600356,恒丰纸业,SH,9.53,4.04,15.88,70.72|2025年报,-,1.98亿|2025年报,1.48亿|2025三季报,9493.67万|2025半年报,2802.95万|2025一季报,1.16亿|2024年报,-,2.12亿|2025年报,1.52亿|2025三季报,9634.66万|2025半年报,2837.32万|2025一季报,1.32亿|2024年报,0.370,9.80,9.31,7.83,1.47,2340.49万,2.25亿,3.97,1.0506,31.40亿,28.47亿,1000000766,False
139,300138,晨光生物,SZ,12.05,0.17,15.78,292.21|2025年报,-,3.69亿|2025年报,3.04亿|2025三季报,2.15亿|2025半年报,1.09亿|2025一季报,9404.96万|2024年报,-,3.75亿|2025年报,3.11亿|2025三季报,2.21亿|2025半年报,1.11亿|2025一季报,7795.71万|2024年报,0.020,12.08,11.93,1.29,0.86,512.61万,6156.05万,3.95,1.7177,58.21亿,48.00亿,1000008202,False
140,603444,吉比特,SH,386.43,-1.76,15.52,89.82|2025年报,-,17.94亿|2025年报,12.14亿|2025三季报,6.45亿|2025半年报,2.83亿|2025一季报,9.45亿|2024年报,-,21.46亿|2025年报,15.08亿|2025三季报,8.20亿|2025半年报,3.79亿|2025一季报,11.79亿|2024年报,-6.910,391.34,380.00,6.41,2.06,461.55万,17.75亿,3.88,5.0518,278.39亿,278.39亿,1000319586,False
141,600575,淮河能源,SH,3.66,-0.54,15.45,97.90|2025年报,-,16.98亿|2025年报,7.52亿|2025三季报,4.48亿|2025半年报,2.66亿|2025一季报,8.58亿|2024年报,-,21.51亿|2025年报,7.92亿|2025三季报,4.80亿|2025半年报,2.94亿|2025一季报,9.15亿|2024年报,-0.020,3.69,3.63,1.24,1.25,4802.67万,1.75亿,3.86,1.1936,262.30亿,142.24亿,1000001707,False
142,600125,铁龙物流,SH,6.20,-0.64,15.42,37.48|2025年报,-,5.25亿|2025年报,5.48亿|2025三季报,3.79亿|2025半年报,2.02亿|2025一季报,3.82亿|2024年报,-,5.21亿|2025年报,5.45亿|2025三季报,3.77亿|2025半年报,2.01亿|2025一季报,3.82亿|2024年报,-0.040,6.25,6.18,1.81,0.49,2362.71万,1.47亿,3.85,1.0619,80.94亿,80.94亿,1000002405,False
143,920735,德源药业,BJ,31.11,-0.48,15.40,33.87|2025年报,-,2.37亿|2025年报,1.59亿|2025三季报,9778.55万|2025半年报,4644.30万|2025一季报,1.77亿|2024年报,-,2.37亿|2025年报,1.59亿|2025三季报,9778.55万|2025半年报,4644.30万|2025一季报,1.77亿|2024年报,-0.150,31.39,30.56,1.39,0.80,143.98万,4453.63万,3.85,2.7927,36.50亿,32.28亿,1000466079,False
144,000612,焦作万方,SZ,13.73,4.33,15.28,81.95|2025年报,-,10.71亿|2025年报,9.06亿|2025三季报,5.36亿|2025半年报,1.61亿|2025一季报,5.89亿|2024年报,-,10.71亿|2025年报,9.06亿|2025三季报,5.36亿|2025半年报,1.61亿|2025一季报,5.89亿|2024年报,0.570,13.77,13.32,5.78,0.96,6887.10万,9.34亿,3.82,2.2764,163.69亿,163.55亿,1000004171,False
145,601333,广深铁路,SH,3.07,0.66,15.25,34.49|2025年报,-,14.26亿|2025年报,14.56亿|2025三季报,11.09亿|2025半年报,4.68亿|2025一季报,10.60亿|2024年报,-,14.25亿|2025年报,14.56亿|2025三季报,11.09亿|2025半年报,4.69亿|2025一季报,10.59亿|2024年报,0.020,3.09,3.04,0.80,1.07,4503.21万,1.38亿,3.81,0.7686,217.46亿,173.52亿,1000004424,False
146,002039,黔源电力,SZ,20.85,1.51,14.85,175.02|2025年报,-,6.00亿|2025年报,4.93亿|2025三季报,1.27亿|2025半年报,5184.65万|2025一季报,2.18亿|2024年报,-,11.15亿|2025年报,8.91亿|2025三季报,2.38亿|2025半年报,9845.19万|2025一季报,4.00亿|2024年报,0.310,21.09,20.36,2.70,0.54,1154.85万,2.40亿,3.71,2.0073,89.15亿,89.15亿,1000001732,False
147,600507,方大特钢,SH,6.05,10.00,14.85,280.18|2025年报,-,9.42亿|2025年报,7.89亿|2025三季报,4.05亿|2025半年报,2.50亿|2025一季报,2.48亿|2024年报,-,9.48亿|2025年报,7.91亿|2025三季报,4.06亿|2025半年报,2.51亿|2025一季报,2.52亿|2024年报,0.550,6.05,5.54,4.01,4.55,9268.88万,5.48亿,3.71,1.3783,139.95亿,139.95亿,1000001146,False
148,002170,芭田股份,SZ,13.87,3.12,14.77,122.79|2025年报,-,9.12亿|2025年报,6.87亿|2025三季报,4.56亿|2025半年报,1.71亿|2025一季报,4.09亿|2024年报,-,9.12亿|2025年报,6.88亿|2025三季报,4.57亿|2025半年报,1.71亿|2025一季报,4.10亿|2024年报,0.420,13.96,13.55,5.15,1.26,4056.10万,5.60亿,3.69,3.5813,134.59亿,109.17亿,1000006770,False
149,601901,方正证券,SH,7.12,-0.28,14.76,79.85|2025年报,-,39.70亿|2025年报,37.99亿|2025三季报,23.84亿|2025半年报,11.95亿|2025一季报,22.07亿|2024年报,-,39.12亿|2025年报,37.11亿|2025三季报,22.82亿|2025半年报,11.79亿|2025一季报,21.67亿|2024年报,-0.020,7.18,7.09,0.66,0.92,5401.40万,3.85亿,3.69,1.1558,586.13亿,586.13亿,1000000058,False
150,002393,力生制药,SZ,23.68,-0.29,14.65,125.59|2025年报,-,4.16亿|2025年报,3.71亿|2025三季报,3.43亿|2025半年报,5527.53万|2025一季报,1.85亿|2024年报,-,4.23亿|2025年报,3.74亿|2025三季报,3.45亿|2025半年报,5657.09万|2025一季报,1.86亿|2024年报,-0.070,23.78,23.40,1.87,0.92,466.81万,1.10亿,3.66,1.3403,61.00亿,59.27亿,1000006684,False
151,002852,道道全,SZ,9.92,1.54,14.61,32.02|2025年报,-,2.34亿|2025年报,2.16亿|2025三季报,1.81亿|2025半年报,1.03亿|2025一季报,1.77亿|2024年报,-,2.42亿|2025年报,2.23亿|2025三季报,1.86亿|2025半年报,1.07亿|2025一季报,1.79亿|2024年报,0.150,9.95,9.70,1.60,1.08,458.68万,4515.93万,3.65,1.5480,34.12亿,28.35亿,1000460211,False
152,000157,中联重科,SZ,8.20,-5.53,14.60,38.01|2025年报,-,48.58亿|2025年报,39.20亿|2025三季报,27.65亿|2025半年报,14.10亿|2025一季报,35.20亿|2024年报,-,51.07亿|2025年报,41.05亿|2025三季报,29.00亿|2025半年报,15.16亿|2025一季报,40.09亿|2024年报,-0.480,8.69,8.06,3.81,4.37,2.70亿,22.18亿,3.65,1.2319,709.18亿,579.71亿,1000001930,False
153,600066,宇通客车,SH,36.45,0.00,14.53,34.94|2025年报,-,55.54亿|2025年报,32.92亿|2025三季报,19.36亿|2025半年报,7.55亿|2025一季报,41.16亿|2024年报,-,56.25亿|2025年报,33.64亿|2025三季报,19.73亿|2025半年报,7.73亿|2025一季报,41.54亿|2024年报,0.000,36.84,36.20,0.73,0.81,1612.78万,5.88亿,3.63,5.1723,806.98亿,806.98亿,1000001694,False
154,000933,神火股份,SZ,35.41,4.89,14.25,223.28|2026一季报,22.90亿|2026一季报,40.05亿|2025年报,34.90亿|2025三季报,19.04亿|2025半年报,7.08亿|2025一季报,-,28.75亿|2026一季报,45.63亿|2025年报,42.26亿|2025三季报,22.50亿|2025半年报,7.84亿|2025一季报,-,1.650,35.47,34.61,2.28,1.07,5116.28万,17.95亿,8.70,2.9611,796.37亿,795.81亿,1000001335,False
155,600958,东方证券,SH,9.28,0.00,14.00,68.16|2025年报,-,56.34亿|2025年报,51.10亿|2025三季报,34.63亿|2025半年报,14.36亿|2025一季报,33.50亿|2024年报,-,56.34亿|2025年报,51.10亿|2025三季报,34.63亿|2025半年报,14.36亿|2025一季报,33.50亿|2024年报,0.000,9.37,9.27,0.68,0.96,5075.92万,4.72亿,3.50,0.9895,788.49亿,693.17亿,1000304609,False
156,600909,华安证券,SH,5.75,0.52,13.70,41.92|2025年报,-,21.08亿|2025年报,18.83亿|2025三季报,10.35亿|2025半年报,5.25亿|2025一季报,14.86亿|2024年报,-,21.11亿|2025年报,18.90亿|2025三季报,10.35亿|2025半年报,5.24亿|2025一季报,14.89亿|2024年报,0.030,5.80,5.72,1.06,0.98,5323.48万,3.06亿,3.43,1.1292,288.89亿,288.89亿,1000304178,False
157,600061,国投资本,SH,6.96,-0.14,13.57,21.71|2025年报,-,32.79亿|2025年报,28.53亿|2025三季报,17.00亿|2025半年报,6.80亿|2025一季报,26.94亿|2024年报,-,36.28亿|2025年报,32.05亿|2025三季报,18.93亿|2025半年报,7.97亿|2025一季报,31.98亿|2024年报,-0.010,7.01,6.93,0.46,0.95,2942.00万,2.05亿,3.39,0.8213,445.02亿,445.02亿,1000002508,False
158,000932,华菱钢铁,SZ,5.10,1.39,13.39,28.49|2025年报,-,26.11亿|2025年报,25.10亿|2025三季报,17.48亿|2025半年报,5.62亿|2025一季报,20.32亿|2024年报,-,38.70亿|2025年报,33.64亿|2025三季报,23.10亿|2025半年报,8.32亿|2025一季报,32.00亿|2024年报,0.070,5.14,5.03,0.96,0.99,6586.62万,3.36亿,3.35,0.6275,349.48亿,349.48亿,1000001234,False
159,300926,博俊科技,SZ,25.89,1.45,13.32,37.68|2025年报,-,8.44亿|2025年报,6.27亿|2025三季报,3.52亿|2025半年报,1.49亿|2025一季报,6.13亿|2024年报,-,8.44亿|2025年报,6.27亿|2025三季报,3.52亿|2025半年报,1.49亿|2025一季报,6.13亿|2024年报,0.370,26.12,25.43,1.85,0.97,552.72万,1.42亿,3.33,3.2234,112.45亿,77.15亿,1001898962,False
160,000028,国药一致,SZ,26.51,0.23,12.99,76.80|2025年报,-,11.36亿|2025年报,9.57亿|2025三季报,6.66亿|2025半年报,3.28亿|2025一季报,6.42亿|2024年报,-,11.28亿|2025年报,10.19亿|2025三季报,7.13亿|2025半年报,3.48亿|2025一季报,2.37亿|2024年报,0.060,26.79,26.30,1.37,1.02,655.94万,1.74亿,3.25,0.7928,147.55亿,126.73亿,1000000205,False
161,002128,电投能源,SZ,33.80,3.11,12.93,28.35|2026一季报,20.01亿|2026一季报,54.19亿|2025年报,41.18亿|2025三季报,27.87亿|2025半年报,15.59亿|2025一季报,-,26.08亿|2026一季报,65.30亿|2025年报,49.48亿|2025三季报,32.98亿|2025半年报,17.45亿|2025一季报,-,1.020,34.23,32.98,1.06,1.30,2382.13万,8.02亿,9.47,1.9083,757.65亿,757.65亿,1000007108,False
162,000791,甘肃能源,SZ,8.13,1.37,12.86,24.77|2025年报,-,20.51亿|2025年报,15.82亿|2025三季报,8.25亿|2025半年报,4.80亿|2025一季报,16.44亿|2024年报,-,29.84亿|2025年报,22.27亿|2025三季报,11.82亿|2025半年报,7.03亿|2025一季报,22.93亿|2024年报,0.110,8.29,7.88,3.55,1.00,6878.87万,5.59亿,3.21,1.7523,263.72亿,157.37亿,1000000515,False
163,000987,越秀资本,SZ,8.92,1.48,12.72,53.42|2025年报,-,35.19亿|2025年报,30.10亿|2025三季报,15.58亿|2025半年报,6.57亿|2025一季报,22.94亿|2024年报,-,45.69亿|2025年报,38.22亿|2025三季报,20.00亿|2025半年报,8.49亿|2025一季报,27.34亿|2024年报,0.130,8.96,8.78,1.03,0.78,5180.32万,4.61亿,3.18,1.3972,447.53亿,447.19亿,1000009331,False
164,000166,申万宏源,SZ,4.75,0.00,12.51,82.46|2025年报,-,95.07亿|2025年报,80.16亿|2025三季报,42.84亿|2025半年报,19.77亿|2025一季报,52.11亿|2024年报,-,105.27亿|2025年报,87.93亿|2025三季报,48.03亿|2025半年报,22.47亿|2025一季报,62.51亿|2024年报,0.000,4.79,4.74,0.31,0.85,7017.54万,3.34亿,3.13,1.0658,1189.40亿,1070.44亿,1000420071,False
165,600282,南钢股份,SH,5.70,0.88,12.26,26.83|2025年报,-,28.67亿|2025年报,21.76亿|2025三季报,14.63亿|2025半年报,5.78亿|2025一季报,22.61亿|2024年报,-,27.58亿|2025年报,20.89亿|2025三季报,14.03亿|2025半年报,5.64亿|2025一季报,21.92亿|2024年报,0.050,5.73,5.61,0.44,0.81,2741.45万,1.55亿,3.06,1.2679,351.41亿,351.41亿,1000001995,False
166,603558,健盛集团,SH,13.78,3.45,11.66,24.62|2025年报,-,4.05亿|2025年报,3.09亿|2025三季报,1.42亿|2025半年报,6012.23万|2025一季报,3.25亿|2024年报,-,4.05亿|2025年报,3.09亿|2025三季报,1.42亿|2025半年报,6012.23万|2025一季报,3.25亿|2024年报,0.460,13.89,13.35,3.15,1.22,1079.66万,1.48亿,2.92,2.0130,47.22亿,47.22亿,1000310540,False
167,600030,中信证券,SH,26.31,1.15,11.55,38.58|2025年报,-,300.76亿|2025年报,231.59亿|2025三季报,137.19亿|2025半年报,65.45亿|2025一季报,217.04亿|2024年报,-,310.07亿|2025年报,239.16亿|2025三季报,141.46亿|2025半年报,67.62亿|2025一季报,225.89亿|2024年报,0.300,26.48,26.04,1.17,0.72,1.43亿,37.59亿,3.24,1.1655,3899.29亿,3203.65亿,1000002450,False
168,600668,尖峰集团,SH,11.37,0.80,11.40,281.43|2025年报,-,4.12亿|2025年报,6.50亿|2025三季报,6.18亿|2025半年报,5.82亿|2025一季报,1.08亿|2024年报,-,3.95亿|2025年报,6.58亿|2025三季报,6.28亿|2025半年报,5.87亿|2025一季报,1.33亿|2024年报,0.090,11.49,11.16,2.68,1.34,1106.54万,1.25亿,2.85,0.8528,46.95亿,46.95亿,1000002220,False
169,000776,广发证券,SZ,19.88,0.10,11.35,42.18|2025年报,-,137.02亿|2025年报,109.34亿|2025三季报,64.70亿|2025半年报,27.57亿|2025一季报,96.37亿|2024年报,-,149.52亿|2025年报,118.78亿|2025三季报,70.06亿|2025半年报,29.70亿|2025一季报,105.45亿|2024年报,0.020,20.13,19.77,0.92,0.70,5437.45万,10.83亿,2.84,1.2011,1555.58亿,1173.72亿,1000000404,False
170,601881,中国银河,SH,12.98,-0.08,11.34,24.81|2025年报,-,125.20亿|2025年报,109.68亿|2025三季报,64.88亿|2025半年报,30.16亿|2025一季报,100.31亿|2024年报,-,125.20亿|2025年报,109.68亿|2025三季报,64.88亿|2025半年报,30.16亿|2025一季报,100.31亿|2024年报,-0.010,13.10,12.96,0.49,0.96,3572.40万,4.65亿,2.83,1.2037,1419.29亿,940.20亿,1000350709,False
171,601607,上海医药,SH,17.14,-0.64,11.10,25.74|2025年报,-,57.25亿|2025年报,51.47亿|2025三季报,44.59亿|2025半年报,13.33亿|2025一季报,45.53亿|2024年报,-,69.74亿|2025年报,59.86亿|2025三季报,49.95亿|2025半年报,16.40亿|2025一季报,58.70亿|2024年报,-0.110,17.28,17.10,0.30,0.80,836.42万,1.44亿,2.78,0.8375,635.61亿,478.07亿,1000004135,False
172,601083,锦江航运,SH,12.77,-1.01,11.01,47.00|2025年报,-,15.00亿|2025年报,11.85亿|2025三季报,7.94亿|2025半年报,3.57亿|2025一季报,10.21亿|2024年报,-,15.12亿|2025年报,11.94亿|2025三季报,8.00亿|2025半年报,3.59亿|2025一季报,10.36亿|2024年报,-0.130,12.91,12.66,5.64,0.86,1095.08万,1.39亿,2.75,1.7541,165.26亿,24.79亿,1003354127,False
173,688332,中科蓝讯,SH,127.96,1.31,10.90,371.66|2025年报,-,14.15亿|2025年报,2.11亿|2025三季报,1.31亿|2025半年报,4489.02万|2025一季报,3.00亿|2024年报,-,14.15亿|2025年报,2.11亿|2025三季报,1.31亿|2025半年报,4479.06万|2025一季报,3.00亿|2024年报,1.650,127.98,125.77,1.52,0.72,183.24万,2.33亿,2.73,2.9197,154.32亿,154.32亿,1002629418,False
174,601211,国泰海通,SH,17.13,0.47,10.86,113.52|2025年报,-,278.09亿|2025年报,220.74亿|2025三季报,157.37亿|2025半年报,122.42亿|2025一季报,130.24亿|2024年报,-,291.70亿|2025年报,230.59亿|2025三季报,163.21亿|2025半年报,125.09亿|2025一季报,135.49亿|2024年报,0.080,17.42,17.08,0.93,1.12,1.26亿,21.68亿,2.71,0.9424,3019.83亿,2312.02亿,1000304595,False
175,600098,广州发展,SH,7.11,-0.56,10.75,33.93|2025年报,-,23.19亿|2025年报,21.59亿|2025三季报,16.35亿|2025半年报,4.52亿|2025一季报,17.32亿|2024年报,-,24.80亿|2025年报,22.67亿|2025三季报,16.79亿|2025半年报,4.77亿|2025一季报,19.55亿|2024年报,-0.040,7.17,7.06,0.57,0.84,2009.54万,1.43亿,2.69,0.9166,249.27亿,249.27亿,1000002322,False
176,601991,大唐发电,SH,3.87,-0.51,9.70,63.91|2025年报,-,73.86亿|2025年报,67.12亿|2025三季报,45.79亿|2025半年报,22.38亿|2025一季报,45.06亿|2024年报,-,100.23亿|2025年报,94.21亿|2025三季报,60.68亿|2025半年报,27.45亿|2025一季报,68.58亿|2024年报,-0.020,3.89,3.84,0.73,0.72,9090.91万,3.51亿,2.42,2.1036,716.21亿,479.73亿,1000002436,False
177,600011,华能国际,SH,6.99,-0.14,7.62,42.17|2025年报,-,144.10亿|2025年报,148.41亿|2025三季报,92.62亿|2025半年报,49.73亿|2025一季报,101.35亿|2024年报,-,195.05亿|2025年报,194.36亿|2025三季报,123.07亿|2025半年报,69.59亿|2025一季报,141.10亿|2024年报,-0.010,7.04,6.97,0.52,0.79,5762.82万,4.03亿,1.90,1.6900,1097.30亿,768.74亿,1000002250,False
178,601628,中国人寿,SH,37.87,0.45,6.95,44.09|2025年报,-,1540.78亿|2025年报,1678.04亿|2025三季报,409.31亿|2025半年报,288.02亿|2025一季报,1069.35亿|2024年报,-,1565.52亿|2025年报,1697.80亿|2025三季报,419.56亿|2025半年报,292.73亿|2025一季报,1089.40亿|2024年报,0.170,38.07,37.59,0.09,1.08,1847.51万,6.98亿,1.74,1.7983,1.07万亿,7885.87亿,1000002664,False
179,002948,青岛银行,SZ,5.25,0.77,5.89,21.66|2025年报,-,51.88亿|2025年报,39.92亿|2025三季报,30.65亿|2025半年报,12.58亿|2025一季报,42.64亿|2024年报,-,53.57亿|2025年报,41.25亿|2025三季报,31.52亿|2025半年报,13.02亿|2025一季报,44.05亿|2024年报,0.040,5.27,5.20,1.27,1.02,3954.88万,2.07亿,1.47,0.7495,305.57亿,163.41亿,1000863715,False
180,601336,新华保险,SH,63.89,3.62,5.49,38.34|2025年报,-,362.84亿|2025年报,328.57亿|2025三季报,147.99亿|2025半年报,58.82亿|2025一季报,262.29亿|2024年报,-,362.89亿|2025年报,328.61亿|2025三季报,148.01亿|2025半年报,58.83亿|2025一季报,262.33亿|2024年报,2.230,64.13,61.38,1.41,1.59,2943.50万,18.50亿,1.37,1.7868,1993.08亿,1332.39亿,1000002881,False
181,600841,动力新科,SH,9.56,4.94,4.62,243.67|2025年报,-,28.72亿|2025年报,-3.50亿|2025三季报,-3.01亿|2025半年报,-2.10亿|2025一季报,-19.99亿|2024年报,-,28.72亿|2025年报,-3.50亿|2025三季报,-3.01亿|2025半年报,-2.10亿|2025一季报,-19.99亿|2024年报,0.450,9.71,8.98,4.05,0.99,4227.65万,3.98亿,1.15,2.0792,132.68亿,99.71亿,1000004123,False
