序号,代码,名称,市场代码简称,最新价(元) 2026.04.15,涨跌幅(%) 2026.04.15,市盈率(TTM)(倍) 2026.04.15,归属母公司股东的净利润最新同比增长率 截至2026.03.31最新,归属母公司股东的净利润(元) 2026.03.31,归属母公司股东的净利润(元) 2025.12.31,归属母公司股东的净利润(元) 2025.09.30,归属母公司股东的净利润(元) 2025.06.30,归属母公司股东的净利润(元) 2025.03.31,归属母公司股东的净利润(元) 2024.12.31,净利润(元) 2026.03.31,净利润(元) 2025.12.31,净利润(元) 2025.09.30,净利润(元) 2025.06.30,净利润(元) 2025.03.31,净利润(元) 2024.12.31,涨跌额(元) 2026.04.15,最高价(元) 2026.04.15,最低价(元) 2026.04.15,换手率(%) 2026.04.15,量比 2026.04.15,成交量(股) 2026.04.15,成交额(元) 2026.04.15,市盈率(动)(倍) 2026.04.15,市净率(倍) 2026.04.15,总市值(元) 2026.04.15,流通市值(元) 2026.04.15,CHOICE_INNER_CODE,IN_OPTIONAL
1,300824,北鼎股份,SZ,10.36,0.29,29.78,63.35|2025年报,-,1.14亿|2025年报,8291.58万|2025三季报,5582.88万|2025半年报,3337.27万|2025一季报,6950.87万|2024年报,-,1.14亿|2025年报,8291.58万|2025三季报,5582.88万|2025半年报,3337.27万|2025一季报,6950.87万|2024年报,0.030,10.53,10.30,1.21,1.31,383.85万,3998.75万,7.44,4.4992,33.81亿,32.79亿,1001247913,False
2,600699,均胜电子,SH,25.55,-1.01,29.66,39.08|2025年报,-,13.36亿|2025年报,11.20亿|2025三季报,7.08亿|2025半年报,3.40亿|2025一季报,9.60亿|2024年报,-,16.16亿|2025年报,13.63亿|2025三季报,9.09亿|2025半年报,4.03亿|2025一季报,13.26亿|2024年报,-0.260,26.47,25.41,2.50,0.82,3388.35万,8.79亿,7.42,2.2873,396.22亿,346.22亿,1000001818,False
3,301345,涛涛车业,SZ,221.74,1.16,29.62,89.29|2025年报,-,8.16亿|2025年报,6.07亿|2025三季报,3.42亿|2025半年报,8621.04万|2025一季报,4.31亿|2024年报,-,8.16亿|2025年报,6.07亿|2025三季报,3.42亿|2025半年报,8620.83万|2025一季报,4.31亿|2024年报,2.540,224.80,216.66,3.50,0.70,122.49万,2.71亿,7.41,6.6788,241.81亿,77.67亿,1002315746,False
4,300893,松原安全,SZ,22.73,2.85,29.35,40.70|2025年报,-,3.66亿|2025年报,2.63亿|2025三季报,1.61亿|2025半年报,7350.58万|2025一季报,2.60亿|2024年报,-,3.66亿|2025年报,2.63亿|2025三季报,1.61亿|2025半年报,7350.58万|2025一季报,2.60亿|2024年报,0.630,22.90,21.90,2.13,1.66,534.67万,1.21亿,7.34,5.2716,107.51亿,57.02亿,1001893726,False
5,603239,浙江仙通,SH,24.03,-1.19,29.32,29.22|2025年报,-,2.22亿|2025年报,1.52亿|2025三季报,1.07亿|2025半年报,6668.83万|2025一季报,1.72亿|2024年报,-,2.22亿|2025年报,1.52亿|2025三季报,1.07亿|2025半年报,6668.83万|2025一季报,1.72亿|2024年报,-0.290,24.57,23.96,1.72,0.49,466.40万,1.13亿,7.33,4.9065,65.05亿,65.05亿,1000326763,False
6,688236,春立医疗,SH,20.82,2.01,29.30,118.05|2025年报,-,2.73亿|2025年报,1.92亿|2025三季报,1.14亿|2025半年报,5807.11万|2025一季报,1.25亿|2024年报,-,2.73亿|2025年报,1.92亿|2025三季报,1.14亿|2025半年报,5803.06万|2025一季报,1.25亿|2024年报,0.410,20.85,20.39,0.90,1.47,259.93万,5374.19万,7.33,2.6749,79.86亿,60.05亿,1002231962,False
7,300972,万辰集团,SZ,205.69,5.56,29.26,358.09|2025年报,-,13.45亿|2025年报,8.55亿|2025三季报,4.72亿|2025半年报,2.15亿|2025一季报,2.94亿|2024年报,-,24.24亿|2025年报,15.91亿|2025三季报,8.70亿|2025半年报,3.88亿|2025一季报,6.03亿|2024年报,10.840,207.68,194.00,0.90,1.24,158.60万,3.21亿,7.32,25.9479,393.47亿,360.62亿,1002196463,False
8,300389,艾比森,SZ,19.96,-1.53,29.25,115.47|2025年报,-,2.52亿|2025年报,1.85亿|2025三季报,1.16亿|2025半年报,3641.00万|2025一季报,1.17亿|2024年报,-,2.46亿|2025年报,1.81亿|2025三季报,1.13亿|2025半年报,3387.13万|2025一季报,1.03亿|2024年报,-0.310,20.49,19.93,4.77,0.68,1047.00万,2.11亿,7.31,4.4969,73.67亿,43.80亿,1000011662,False
9,002611,东方精工,SZ,17.25,-1.88,28.95,44.88|2025年报,-,7.25亿|2025年报,5.10亿|2025三季报,3.97亿|2025半年报,2.76亿|2025一季报,5.01亿|2024年报,-,7.70亿|2025年报,5.40亿|2025三季报,4.16亿|2025半年报,2.81亿|2025一季报,5.40亿|2024年报,-0.330,17.76,17.15,2.80,1.05,2805.09万,4.89亿,7.24,3.6368,209.98亿,172.83亿,1000010123,False
10,601059,信达证券,SH,16.90,-0.76,28.94,38.74|2025年报,-,18.94亿|2025年报,13.54亿|2025三季报,10.24亿|2025半年报,2.05亿|2025一季报,13.65亿|2024年报,-,19.51亿|2025年报,13.81亿|2025三季报,10.32亿|2025半年报,2.09亿|2025一季报,14.15亿|2024年报,-0.130,17.10,16.88,0.15,0.56,479.52万,8131.64万,7.24,2.6011,548.07亿,548.07亿,1002507820,False
11,002083,孚日股份,SZ,13.08,-9.98,28.90,41.52|2026一季报,1.80亿|2026一季报,4.28亿|2025年报,2.96亿|2025三季报,2.46亿|2025半年报,1.27亿|2025一季报,-,1.78亿|2026一季报,4.11亿|2025年报,2.87亿|2025三季报,2.40亿|2025半年报,1.24亿|2025一季报,-,-1.450,13.75,13.08,13.34,1.74,1.26亿,16.81亿,17.16,2.5349,123.82亿,123.82亿,1000009908,False
12,603501,豪威集团,SH,92.31,-2.48,28.78,21.73|2025年报,-,40.45亿|2025年报,32.10亿|2025三季报,20.28亿|2025半年报,8.66亿|2025一季报,33.23亿|2024年报,-,40.32亿|2025年报,31.99亿|2025三季报,20.20亿|2025半年报,8.62亿|2025一季报,32.84亿|2024年报,-2.350,95.50,92.29,1.87,1.47,2263.22万,21.15亿,7.19,4.1668,1164.17亿,1117.33亿,1000498858,False
13,001285,瑞立科密,SZ,52.88,-1.89,28.75,23.75|2025年报,-,3.33亿|2025年报,2.37亿|2025三季报,1.42亿|2025半年报,-,2.69亿|2024年报,-,3.37亿|2025年报,2.40亿|2025三季报,1.44亿|2025半年报,-,2.75亿|2024年报,-1.020,53.87,52.60,4.65,1.09,192.98万,1.02亿,28.61,2.5149,95.28亿,21.94亿,1003689824,False
14,000960,锡业股份,SZ,34.08,0.65,28.52,36.14|2025年报,-,19.66亿|2025年报,17.45亿|2025三季报,10.62亿|2025半年报,4.99亿|2025一季报,14.44亿|2024年报,-,21.10亿|2025年报,18.45亿|2025三季报,11.28亿|2025半年报,5.08亿|2025一季报,15.70亿|2024年报,0.220,35.95,34.00,4.00,1.39,6580.80万,22.99亿,7.13,2.8634,560.76亿,560.76亿,1000001449,False
15,300442,润泽科技,SZ,90.26,-0.97,28.36,35.35|2026一季报,5.82亿|2026一季报,50.50亿|2025年报,47.04亿|2025三季报,8.82亿|2025半年报,4.30亿|2025一季报,-,5.86亿|2026一季报,50.49亿|2025年报,47.00亿|2025三季报,8.80亿|2025半年报,4.26亿|2025一季报,-,-0.880,92.99,89.82,3.12,0.89,5081.03万,46.35亿,63.34,10.3255,1475.16亿,1471.08亿,1000316971,False
16,300206,理邦仪器,SZ,14.88,-0.33,28.22,88.54|2025年报,-,3.06亿|2025年报,2.57亿|2025三季报,1.54亿|2025半年报,6508.82万|2025一季报,1.62亿|2024年报,-,3.08亿|2025年报,2.59亿|2025三季报,1.55亿|2025半年报,6518.00万|2025一季报,1.63亿|2024年报,-0.050,15.11,14.80,2.06,0.75,696.36万,1.04亿,7.06,3.9337,86.25亿,50.35亿,1000008332,False
17,002138,顺络电子,SZ,35.71,0.73,28.20,22.71|2025年报,-,10.21亿|2025年报,7.69亿|2025三季报,4.86亿|2025半年报,2.33亿|2025一季报,8.32亿|2024年报,-,11.41亿|2025年报,8.73亿|2025三季报,5.59亿|2025半年报,2.61亿|2025一季报,9.50亿|2024年报,0.260,36.55,35.53,3.28,1.12,2481.21万,8.93亿,7.05,4.6889,287.94亿,270.15亿,1000006995,False
18,002970,锐明技术,SZ,58.80,-0.34,27.97,31.95|2025年报,-,3.83亿|2025年报,2.74亿|2025三季报,2.03亿|2025半年报,1.01亿|2025一季报,2.90亿|2024年报,-,3.89亿|2025年报,2.79亿|2025三季报,2.06亿|2025半年报,1.00亿|2025一季报,2.94亿|2024年报,-0.200,61.30,58.60,6.13,0.90,758.98万,4.54亿,6.97,5.1016,106.67亿,72.84亿,1000730068,False
19,002917,金奥博,SZ,14.02,-0.43,27.92,40.70|2025年报,-,1.75亿|2025年报,1.33亿|2025三季报,8672.50万|2025半年报,3572.20万|2025一季报,1.24亿|2024年报,-,2.14亿|2025年报,1.59亿|2025三季报,9764.23万|2025半年报,3809.86万|2025一季报,1.53亿|2024年报,-0.060,14.18,14.01,1.54,0.50,400.32万,5632.26万,6.98,2.8521,48.74亿,36.53亿,1000868288,False
20,300130,新国都,SZ,23.07,-1.20,27.92,100.17|2025年报,-,4.69亿|2025年报,4.08亿|2025三季报,2.75亿|2025半年报,1.56亿|2025一季报,2.34亿|2024年报,-,4.66亿|2025年报,4.05亿|2025三季报,2.74亿|2025半年报,1.56亿|2025一季报,2.31亿|2024年报,-0.280,23.60,23.02,1.76,0.62,765.98万,1.78亿,6.98,2.9725,130.88亿,100.16亿,1000008098,False
21,000975,山金国际,SZ,29.85,-1.81,27.89,36.75|2025年报,-,29.72亿|2025年报,24.60亿|2025三季报,15.96亿|2025半年报,6.94亿|2025一季报,21.73亿|2024年报,-,32.68亿|2025年报,27.02亿|2025三季报,17.57亿|2025半年报,7.71亿|2025一季报,24.30亿|2024年报,-0.550,31.21,29.69,0.99,0.67,2497.87万,7.59亿,6.97,5.5561,828.85亿,754.44亿,1000002420,False
22,003033,征和工业,SZ,59.51,0.95,27.78,33.72|2025年报,-,1.75亿|2025年报,1.33亿|2025三季报,8900.17万|2025半年报,5383.85万|2025一季报,1.31亿|2024年报,-,1.76亿|2025年报,1.33亿|2025三季报,8892.10万|2025半年报,5383.85万|2025一季报,1.31亿|2024年报,0.560,60.61,58.67,1.90,0.61,153.49万,9147.90万,6.94,3.5826,48.65亿,48.05亿,1000730073,False
23,603166,福达股份,SH,13.61,-0.37,27.76,70.87|2025年报,-,3.17亿|2025年报,2.21亿|2025三季报,1.46亿|2025半年报,6510.68万|2025一季报,1.85亿|2024年报,-,3.17亿|2025年报,2.21亿|2025三季报,1.46亿|2025半年报,6510.68万|2025一季报,1.85亿|2024年报,-0.050,13.83,13.57,0.67,0.74,432.44万,5918.51万,6.94,3.3066,87.87亿,87.20亿,1000011315,False
24,603132,金徽股份,SH,18.26,-0.76,27.33,118.41|2026一季报,2.05亿|2026一季报,5.42亿|2025年报,3.46亿|2025三季报,2.53亿|2025半年报,9382.66万|2025一季报,-,2.05亿|2026一季报,5.41亿|2025年报,3.44亿|2025三季报,2.51亿|2025半年报,9261.35万|2025一季报,-,-0.140,18.75,18.22,1.11,0.87,1088.91万,2.00亿,21.79,5.2359,178.58亿,178.58亿,1002642459,False
25,920978,开特股份,BJ,26.21,-0.57,27.25,25.62|2025年报,-,1.73亿|2025年报,1.30亿|2025三季报,8525.19万|2025半年报,4013.01万|2025一季报,1.38亿|2024年报,-,1.73亿|2025年报,1.30亿|2025三季报,8525.57万|2025半年报,4004.40万|2025一季报,1.38亿|2024年报,-0.150,26.93,26.11,1.92,0.74,194.08万,5154.06万,6.81,6.0226,47.19亿,26.46亿,1000463547,False
26,300750,宁德时代,SZ,431.00,0.05,27.24,42.28|2025年报,-,722.01亿|2025年报,490.34亿|2025三季报,304.85亿|2025半年报,139.63亿|2025一季报,507.45亿|2024年报,-,767.86亿|2025年报,522.97亿|2025三季报,323.65亿|2025半年报,148.62亿|2025一季报,540.07亿|2024年报,0.210,439.46,427.07,0.88,0.94,3735.36万,161.22亿,6.81,5.8353,1.97万亿,1.83万亿,1001194744,False
27,605016,百龙创园,SH,26.39,-2.58,27.19,50.06|2025年报,-,3.69亿|2025年报,2.65亿|2025三季报,1.70亿|2025半年报,8141.96万|2025一季报,2.46亿|2024年报,-,3.69亿|2025年报,2.65亿|2025三季报,1.70亿|2025半年报,8141.96万|2025一季报,2.46亿|2024年报,-0.700,27.12,26.24,1.60,0.60,672.03万,1.79亿,7.52,5.3236,110.84亿,110.84亿,1002087055,False
28,002475,立讯精密,SZ,58.78,-0.61,27.09,24.20|2025年报,-,166.00亿|2025年报,115.18亿|2025三季报,66.44亿|2025半年报,30.44亿|2025一季报,133.66亿|2024年报,-,181.70亿|2025年报,127.28亿|2025三季报,72.98亿|2025半年报,33.77亿|2025一季报,145.79亿|2024年报,-0.360,60.98,58.45,2.72,0.72,1.98亿,117.90亿,6.45,5.0747,4282.70亿,4272.88亿,1000007943,False
29,002454,松芝股份,SZ,10.57,0.86,26.85,81.32|2025年报,-,2.47亿|2025年报,2.13亿|2025三季报,1.42亿|2025半年报,9323.97万|2025一季报,1.36亿|2024年报,-,2.86亿|2025年报,2.46亿|2025三季报,1.65亿|2025半年报,1.04亿|2025一季报,1.60亿|2024年报,0.090,11.08,10.38,4.83,1.01,3029.58万,3.25亿,6.71,1.6579,66.44亿,66.27亿,1000006292,False
30,600995,南网储能,SH,14.15,1.00,26.78,49.89|2025年报,-,16.89亿|2025年报,14.33亿|2025三季报,8.32亿|2025半年报,3.74亿|2025一季报,11.26亿|2024年报,-,20.78亿|2025年报,17.38亿|2025三季报,10.09亿|2025半年报,4.55亿|2025一季报,14.32亿|2024年报,0.140,14.30,13.94,0.84,1.23,2676.85万,3.79亿,6.70,1.9985,452.23亿,452.23亿,1000002388,False
31,600988,赤峰黄金,SH,43.30,-1.61,26.70,74.70|2025年报,-,30.82亿|2025年报,20.58亿|2025三季报,11.07亿|2025半年报,4.83亿|2025一季报,17.64亿|2024年报,-,34.47亿|2025年报,23.11亿|2025三季报,12.82亿|2025半年报,5.65亿|2025一季报,19.86亿|2024年报,-0.710,45.20,43.19,2.23,0.75,3708.13万,16.41亿,6.67,6.1339,822.88亿,720.47亿,1000002338,False
32,002803,吉宏股份,SZ,16.37,-0.37,26.63,52.16|2025年报,-,2.77亿|2025年报,2.16亿|2025三季报,1.18亿|2025半年报,5915.99万|2025一季报,1.82亿|2024年报,-,3.34亿|2025年报,2.59亿|2025三季报,1.37亿|2025半年报,6246.92万|2025一季报,1.84亿|2024年报,-0.060,16.61,16.29,1.96,0.77,566.58万,9326.84万,6.66,2.7325,73.73亿,47.26亿,1000317350,False
33,002925,盈趣科技,SZ,19.88,1.17,26.58,129.43|2025年报,-,5.77亿|2025年报,1.78亿|2025三季报,1.38亿|2025半年报,7664.03万|2025一季报,2.52亿|2024年报,-,5.99亿|2025年报,1.96亿|2025三季报,1.48亿|2025半年报,7854.87万|2025一季报,2.67亿|2024年报,0.230,20.08,19.63,1.69,1.18,1237.91万,2.46亿,6.65,3.0216,153.41亿,145.33亿,1000803513,False
34,600369,西南证券,SH,4.25,-0.70,26.58,51.90|2025年报,-,10.62亿|2025年报,7.06亿|2025三季报,4.23亿|2025半年报,2.46亿|2025一季报,6.99亿|2024年报,-,10.62亿|2025年报,7.06亿|2025三季报,4.23亿|2025半年报,2.46亿|2025一季报,6.99亿|2024年报,-0.030,4.29,4.24,0.33,0.55,2215.26万,9448.23万,6.65,1.0759,282.42亿,282.42亿,1000000892,False
35,601456,国联民生,SH,9.31,-0.43,26.33,405.49|2025年报,-,20.09亿|2025年报,17.63亿|2025三季报,11.27亿|2025半年报,3.76亿|2025一季报,3.97亿|2024年报,-,20.31亿|2025年报,17.79亿|2025三季报,11.37亿|2025半年报,3.79亿|2025一季报,4.06亿|2024年报,-0.040,9.40,9.28,0.38,0.61,1681.37万,1.57亿,6.58,1.0075,528.86亿,407.50亿,1000868277,False
36,603586,金麒麟,SH,18.22,-0.44,26.19,47.95|2025年报,-,1.36亿|2025年报,1.33亿|2025三季报,1.08亿|2025半年报,7506.44万|2025一季报,9217.01万|2024年报,-,1.36亿|2025年报,1.33亿|2025三季报,1.08亿|2025半年报,7506.44万|2025一季报,9217.01万|2024年报,-0.080,18.46,18.18,0.93,0.94,182.78万,3346.89万,6.55,1.5514,35.72亿,35.72亿,1000498861,False
37,600499,科达制造,SH,17.80,-2.47,26.08,30.07|2025年报,-,13.09亿|2025年报,11.49亿|2025三季报,7.45亿|2025半年报,3.47亿|2025一季报,10.06亿|2024年报,-,21.67亿|2025年报,18.32亿|2025三季报,11.37亿|2025半年报,5.21亿|2025一季报,12.88亿|2024年报,-0.450,18.26,17.72,1.04,0.53,2001.99万,3.59亿,6.52,2.7109,341.38亿,341.38亿,1000000120,False
38,300456,赛微电子,SZ,52.42,-1.84,26.05,966.77|2025年报,-,14.73亿|2025年报,15.76亿|2025三季报,-65.03万|2025半年报,264.21万|2025一季报,-1.70亿|2024年报,-,13.88亿|2025年报,15.14亿|2025三季报,-2888.75万|2025半年报,-2012.53万|2025一季报,-2.55亿|2024年报,-0.980,54.00,52.08,8.64,0.66,5163.76万,27.31亿,6.51,5.6995,383.83亿,313.18亿,1000317362,False
39,002553,南方精工,SZ,25.36,-3.02,26.01,1316.84|2025年报,-,3.46亿|2025年报,3.67亿|2025三季报,2.29亿|2025半年报,9150.76万|2025一季报,2439.28万|2024年报,-,3.23亿|2025年报,3.57亿|2025三季报,2.23亿|2025半年报,8947.44万|2025一季报,960.59万|2024年报,-0.790,26.29,25.31,5.84,1.05,1464.17万,3.76亿,6.48,5.7043,89.62亿,63.60亿,1000008292,False
40,300059,东方财富,SZ,19.85,-1.49,25.96,25.75|2025年报,-,120.85亿|2025年报,90.97亿|2025三季报,55.67亿|2025半年报,27.15亿|2025一季报,96.10亿|2024年报,-,120.85亿|2025年报,90.97亿|2025三季报,55.67亿|2025半年报,27.15亿|2025一季报,96.10亿|2024年报,-0.300,20.34,19.80,1.64,0.60,2.18亿,43.60亿,6.49,3.4743,3137.10亿,2647.54亿,1000008935,False
41,000407,胜利股份,SZ,4.59,-1.71,25.93,32.87|2025年报,-,1.56亿|2025年报,1.20亿|2025三季报,8844.26万|2025半年报,2744.44万|2025一季报,1.17亿|2024年报,-,2.05亿|2025年报,1.51亿|2025三季报,1.12亿|2025半年报,3550.40万|2025一季报,1.39亿|2024年报,-0.080,4.67,4.58,1.84,0.89,1614.29万,7437.91万,6.48,1.3227,40.40亿,40.20亿,1000002104,False
42,688278,特宝生物,SH,64.99,2.67,25.72,24.61|2025年报,-,10.31亿|2025年报,6.66亿|2025三季报,4.28亿|2025半年报,1.82亿|2025一季报,8.28亿|2024年报,-,10.31亿|2025年报,6.66亿|2025三季报,4.28亿|2025半年报,1.82亿|2025一季报,8.28亿|2024年报,1.690,65.14,63.50,0.66,1.15,271.01万,1.74亿,6.43,7.6903,265.28亿,265.28亿,1001802168,False
43,920106,林泰新材,BJ,63.99,-0.48,25.65,74.22|2025年报,-,1.41亿|2025年报,1.07亿|2025三季报,7516.27万|2025半年报,3836.16万|2025一季报,8104.32万|2024年报,-,1.41亿|2025年报,1.07亿|2025三季报,7516.27万|2025半年报,3836.16万|2025一季报,8104.32万|2024年报,-0.310,64.90,63.54,1.21,0.98,53.02万,3404.47万,6.41,6.2592,36.21亿,27.93亿,1003875158,False
44,002380,科远智慧,SZ,33.06,-1.55,25.57,25.19|2026一季报,7624.86万|2026一季报,1.39亿|2025年报,2.17亿|2025三季报,1.36亿|2025半年报,6090.43万|2025一季报,-,7591.90万|2026一季报,2.11亿|2025年报,2.18亿|2025三季报,1.37亿|2025半年报,5984.67万|2025一季报,-,-0.520,35.76,32.93,8.44,1.20,1200.27万,4.07亿,26.01,3.2604,79.34亿,47.01亿,1000008396,False
45,300320,海达股份,SZ,9.83,-1.01,25.43,43.67|2025年报,-,2.32亿|2025年报,1.67亿|2025三季报,1.08亿|2025半年报,5264.84万|2025一季报,1.62亿|2024年报,-,2.37亿|2025年报,1.70亿|2025三季报,1.11亿|2025半年报,5411.46万|2025一季报,1.69亿|2024年报,-0.100,9.98,9.81,2.54,1.66,1232.83万,1.22亿,6.36,2.3344,59.10亿,47.71亿,1000010270,False
46,002920,德赛西威,SZ,104.45,-1.65,25.41,22.38|2025年报,-,24.54亿|2025年报,17.88亿|2025三季报,12.23亿|2025半年报,5.82亿|2025一季报,20.05亿|2024年报,-,24.73亿|2025年报,18.05亿|2025三季报,12.34亿|2025半年报,5.87亿|2025一季报,20.18亿|2024年报,-1.750,107.23,104.23,1.38,1.28,767.29万,8.11亿,6.35,4.2476,623.37亿,579.41亿,1000721966,False
47,920166,海圣医疗,BJ,28.85,0.07,25.31,21.01|2025年报,-,8581.59万|2025年报,5878.20万|2025三季报,3549.42万|2025半年报,1183.53万|2025一季报,7091.75万|2024年报,-,8581.59万|2025年报,5878.20万|2025三季报,3549.42万|2025半年报,1183.53万|2025一季报,7091.75万|2024年报,0.020,29.51,28.55,6.12,1.06,145.50万,4227.41万,0.00,3.5546,21.72亿,6.86亿,1004207982,False
48,688208,道通科技,SH,35.28,-1.01,25.26,46.02|2025年报,-,9.36亿|2025年报,7.33亿|2025三季报,4.80亿|2025半年报,1.99亿|2025一季报,6.41亿|2024年报,-,8.90亿|2025年报,7.00亿|2025三季报,4.55亿|2025半年报,1.86亿|2025一季报,5.60亿|2024年报,-0.360,36.30,35.14,1.10,0.55,737.38万,2.62亿,6.32,6.4289,236.44亿,236.44亿,1000576792,False
49,001391,国货航,SZ,5.33,0.38,25.18,32.33|2025年报,-,25.85亿|2025年报,18.36亿|2025三季报,12.40亿|2025半年报,5.79亿|2025一季报,19.53亿|2024年报,-,25.85亿|2025年报,18.36亿|2025三季报,12.40亿|2025半年报,5.79亿|2025一季报,19.54亿|2024年报,0.020,5.38,5.30,1.50,1.28,2281.78万,1.22亿,6.29,2.4242,650.73亿,80.98亿,1003354144,False
50,603296,华勤技术,SH,98.88,0.59,24.77,38.55|2025年报,-,40.54亿|2025年报,30.99亿|2025三季报,18.89亿|2025半年报,8.42亿|2025一季报,29.26亿|2024年报,-,41.05亿|2025年报,31.15亿|2025三季报,18.90亿|2025半年报,8.39亿|2025一季报,29.14亿|2024年报,0.580,101.52,97.50,2.17,0.76,1235.11万,12.26亿,6.19,3.8933,1004.36亿,564.10亿,1002681202,False
51,605499,东鹏饮料,SH,193.50,1.19,24.75,32.72|2025年报,-,44.15亿|2025年报,37.61亿|2025三季报,23.75亿|2025半年报,9.80亿|2025一季报,33.27亿|2024年报,-,44.14亿|2025年报,37.60亿|2025三季报,23.75亿|2025半年报,9.80亿|2025一季报,33.26亿|2024年报,2.270,195.57,190.00,1.11,1.25,575.09万,11.14亿,6.19,11.6000,1092.83亿,1006.23亿,1002224299,False
52,300644,南京聚隆,SZ,29.55,0.41,24.68,57.05|2025年报,-,1.32亿|2025年报,1.01亿|2025三季报,5736.44万|2025半年报,3052.77万|2025一季报,8433.97万|2024年报,-,1.35亿|2025年报,1.03亿|2025三季报,5838.36万|2025半年报,3079.17万|2025一季报,8709.61万|2024年报,0.120,30.42,29.45,4.26,1.03,377.69万,1.13亿,6.17,3.1124,32.70亿,26.18亿,1001002449,False
53,001210,金房能源,SZ,21.08,0.33,24.59,176.06|2025年报,-,1.34亿|2025年报,8980.32万|2025三季报,1.20亿|2025半年报,1.30亿|2025一季报,4868.99万|2024年报,-,1.25亿|2025年报,8627.42万|2025三季报,1.18亿|2025半年报,1.32亿|2025一季报,5219.22万|2024年报,0.070,21.29,20.88,2.60,1.20,247.51万,5237.57万,6.15,2.4639,33.06亿,20.09亿,1001090153,False
54,002258,利尔化学,SZ,14.55,-0.95,24.33,122.33|2025年报,-,4.79亿|2025年报,3.81亿|2025三季报,2.71亿|2025半年报,1.53亿|2025一季报,2.15亿|2024年报,-,5.81亿|2025年报,4.51亿|2025三季报,3.27亿|2025半年报,1.86亿|2025一季报,2.98亿|2024年报,-0.140,14.77,14.47,1.12,0.74,894.38万,1.30亿,6.08,1.4764,116.46亿,116.28亿,1000007534,False
55,300001,特锐德,SZ,28.64,-0.69,24.32,35.62|2025年报,-,12.43亿|2025年报,6.86亿|2025三季报,3.27亿|2025半年报,6477.73万|2025一季报,9.17亿|2024年报,-,13.14亿|2025年报,6.90亿|2025三季报,3.24亿|2025半年报,4639.30万|2025一季报,9.39亿|2024年报,-0.200,29.29,28.57,2.33,0.85,2409.99万,6.98亿,6.08,3.5374,302.31亿,296.40亿,1000008188,False
56,600621,华鑫股份,SH,14.16,-0.84,23.63,73.98|2025年报,-,6.36亿|2025年报,5.06亿|2025三季报,2.24亿|2025半年报,1.37亿|2025一季报,3.65亿|2024年报,-,6.36亿|2025年报,5.06亿|2025三季报,2.24亿|2025半年报,1.37亿|2025一季报,3.66亿|2024年报,-0.120,14.35,14.12,0.85,0.62,905.18万,1.29亿,5.91,1.6332,150.22亿,150.22亿,1000000915,False
57,002860,星帅尔,SZ,13.10,5.14,23.62,38.86|2025年报,-,2.00亿|2025年报,1.77亿|2025三季报,1.22亿|2025半年报,6429.95万|2025一季报,1.44亿|2024年报,-,2.01亿|2025年报,1.79亿|2025三季报,1.22亿|2025半年报,6530.10万|2025一季报,1.47亿|2024年报,0.640,13.18,12.43,5.35,3.41,1881.74万,2.42亿,5.90,2.0568,47.12亿,46.05亿,1000498864,False
58,601002,晋亿实业,SH,5.99,-2.60,23.60,86.12|2025年报,-,2.42亿|2025年报,1.63亿|2025三季报,1.17亿|2025半年报,5755.73万|2025一季报,1.30亿|2024年报,-,2.43亿|2025年报,1.64亿|2025三季报,1.18亿|2025半年报,5789.29万|2025一季报,1.31亿|2024年报,-0.160,6.09,5.94,5.42,0.80,5176.67万,3.10亿,5.90,1.3204,57.17亿,57.17亿,1000006541,False
59,300866,安克创新,SZ,111.85,-2.36,23.56,20.37|2025年报,-,25.45亿|2025年报,19.33亿|2025三季报,11.67亿|2025半年报,4.96亿|2025一季报,21.14亿|2024年报,-,26.17亿|2025年报,19.69亿|2025三季报,11.66亿|2025半年报,5.24亿|2025一季报,22.11亿|2024年报,-2.700,114.52,110.57,2.11,0.82,648.11万,7.27亿,5.89,5.6988,599.69亿,343.97亿,1001855434,False
60,920028,新恒泰,BJ,15.83,0.70,23.39,21.21|2025年报,-,1.11亿|2025年报,7465.30万|2025三季报,5134.50万|2025半年报,2045.48万|2025一季报,9176.43万|2024年报,-,1.11亿|2025年报,7465.30万|2025三季报,5134.50万|2025半年报,2045.48万|2025一季报,9176.43万|2024年报,0.110,16.21,15.71,10.52,0.93,447.60万,7132.29万,0.00,2.3341,26.02亿,6.74亿,1004168319,False
61,600236,桂冠电力,SH,9.68,-1.22,23.27,43.63|2025年报,-,32.80亿|2025年报,24.19亿|2025三季报,11.88亿|2025半年报,5.43亿|2025一季报,22.83亿|2024年报,-,37.13亿|2025年报,27.66亿|2025三季报,13.65亿|2025半年报,6.09亿|2025一季报,26.36亿|2024年报,-0.120,9.83,9.62,0.15,0.74,1183.84万,1.15亿,5.82,4.1812,763.01亿,763.01亿,1000001805,False
62,603271,永杰新材,SH,48.75,2.22,23.09,30.00|2025年报,-,4.15亿|2025年报,3.09亿|2025三季报,1.86亿|2025半年报,7571.27万|2025一季报,3.19亿|2024年报,-,4.15亿|2025年报,3.09亿|2025三季报,1.86亿|2025半年报,7571.27万|2025一季报,3.19亿|2024年报,1.060,49.26,47.50,3.77,1.40,356.36万,1.73亿,5.77,3.2800,95.90亿,46.11亿,1003139200,False
63,600295,鄂尔多斯,SH,15.00,7.53,22.91,27.93|2025年报,-,23.63亿|2025年报,17.06亿|2025三季报,9.89亿|2025半年报,4.59亿|2025一季报,18.47亿|2024年报,-,26.66亿|2025年报,20.42亿|2025三季报,11.74亿|2025半年报,5.13亿|2025一季报,19.68亿|2024年报,1.050,15.33,14.49,1.29,1.90,2546.00万,3.82亿,4.44,1.9265,419.82亿,296.34亿,1000001421,False
64,603025,大豪科技,SH,14.57,0.28,22.91,21.54|2025年报,-,7.10亿|2025年报,6.01亿|2025三季报,3.99亿|2025半年报,1.68亿|2025一季报,5.84亿|2024年报,-,7.59亿|2025年报,6.34亿|2025三季报,4.23亿|2025半年报,1.79亿|2025一季报,6.24亿|2024年报,0.040,15.05,14.56,1.52,1.11,1686.88万,2.49亿,5.73,5.9777,162.70亿,161.61亿,1000309734,False
65,605020,永和股份,SH,25.09,-1.76,22.82,123.46|2025年报,-,5.62亿|2025年报,4.69亿|2025三季报,2.71亿|2025半年报,9739.00万|2025一季报,2.51亿|2024年报,-,5.62亿|2025年报,4.70亿|2025三季报,2.72亿|2025半年报,9790.42万|2025一季报,2.52亿|2024年报,-0.450,25.83,25.07,1.55,1.03,780.48万,1.98亿,5.70,2.2292,128.15亿,126.17亿,1002268501,False
66,000531,穗恒运Ａ,SZ,6.62,-0.90,22.79,81.54|2025年报,-,3.02亿|2025年报,4.39亿|2025三季报,2.17亿|2025半年报,9745.84万|2025一季报,1.67亿|2024年报,-,2.54亿|2025年报,4.56亿|2025三季报,2.34亿|2025半年报,1.03亿|2025一季报,1.96亿|2024年报,-0.060,6.72,6.61,1.88,0.83,1709.29万,1.14亿,5.70,1.0220,68.94亿,60.23亿,1000004100,False
67,300043,星辉娱乐,SZ,5.51,-0.54,22.73,165.89|2025年报,-,3.02亿|2025年报,2.68亿|2025三季报,1.55亿|2025半年报,-4758.44万|2025一季报,-4.58亿|2024年报,-,3.02亿|2025年报,2.69亿|2025三季报,1.55亿|2025半年报,-4769.35万|2025一季报,-4.59亿|2024年报,-0.030,5.62,5.50,2.19,0.88,2719.30万,1.51亿,5.68,3.9164,68.56亿,68.52亿,1000008359,False
68,600031,三一重工,SH,20.66,-0.96,22.59,40.71|2025年报,-,84.08亿|2025年报,71.36亿|2025三季报,52.16亿|2025半年报,24.71亿|2025一季报,59.75亿|2024年报,-,84.88亿|2025年报,72.39亿|2025三季报,52.85亿|2025半年报,25.02亿|2025一季报,60.93亿|2024年报,-0.200,21.14,20.64,0.73,0.86,6188.20万,12.90亿,5.65,2.1506,1899.69亿,1750.81亿,1000000456,False
69,300259,新天科技,SZ,4.81,-1.03,22.45,30.81|2025年报,-,2.51亿|2025年报,1.60亿|2025三季报,7890.33万|2025半年报,2720.73万|2025一季报,1.92亿|2024年报,-,2.51亿|2025年报,1.59亿|2025三季报,7889.99万|2025半年报,2720.57万|2025一季报,1.92亿|2024年报,-0.050,4.89,4.77,2.28,1.05,2671.99万,1.29亿,5.61,1.8429,56.27亿,56.25亿,1000009777,False
70,300140,节能环境,SZ,6.29,-0.79,22.38,43.89|2025年报,-,8.71亿|2025年报,8.83亿|2025三季报,5.45亿|2025半年报,2.82亿|2025一季报,6.05亿|2024年报,-,8.94亿|2025年报,9.08亿|2025三季报,5.61亿|2025半年报,2.89亿|2025一季报,6.29亿|2024年报,-0.050,6.44,6.27,2.37,1.04,2414.44万,1.53亿,5.59,1.3888,194.93亿,64.17亿,1000007192,False
71,601061,中信金属,SH,12.23,-0.49,22.28,20.16|2025年报,-,26.89亿|2025年报,23.26亿|2025三季报,14.48亿|2025半年报,5.71亿|2025一季报,22.38亿|2024年报,-,26.89亿|2025年报,23.26亿|2025三季报,14.48亿|2025半年报,5.71亿|2025一季报,22.38亿|2024年报,-0.060,12.53,12.20,0.30,0.94,1470.49万,1.82亿,5.57,2.5788,599.27亿,599.27亿,1002877128,False
72,600738,丽尚国潮,SH,4.79,-1.03,22.24,126.02|2025年报,-,1.64亿|2025年报,1.16亿|2025三季报,7973.18万|2025半年报,5884.93万|2025一季报,7255.25万|2024年报,-,1.60亿|2025年报,1.12亿|2025三季报,7596.80万|2025半年报,5722.45万|2025一季报,4647.22万|2024年报,-0.050,4.86,4.78,1.08,0.71,818.92万,3936.84万,5.56,1.7419,36.47亿,36.44亿,1000002144,False
73,300119,瑞普生物,SZ,19.03,3.82,22.08,33.18|2025年报,-,4.01亿|2025年报,3.62亿|2025三季报,2.57亿|2025半年报,1.16亿|2025一季报,3.01亿|2024年报,-,4.34亿|2025年报,3.91亿|2025三季报,2.72亿|2025半年报,1.20亿|2025一季报,3.30亿|2024年报,0.700,19.13,18.23,3.06,1.57,1021.85万,1.92亿,5.52,1.8805,88.44亿,63.49亿,1000008075,False
74,000729,燕京啤酒,SZ,12.99,-2.55,21.80,59.06|2025年报,-,16.79亿|2025年报,17.70亿|2025三季报,11.03亿|2025半年报,1.65亿|2025一季报,10.56亿|2024年报,-,20.08亿|2025年报,20.57亿|2025三季报,12.69亿|2025半年报,2.27亿|2025一季报,13.24亿|2024年报,-0.340,13.35,12.83,2.99,1.42,7513.37万,9.76亿,5.45,2.3651,366.13亿,326.00亿,1000001776,False
75,300850,新强联,SZ,42.74,-0.21,21.63,1151.44|2025年报,-,8.18亿|2025年报,6.64亿|2025三季报,4.00亿|2025半年报,1.70亿|2025一季报,6537.77万|2024年报,-,8.43亿|2025年报,6.85亿|2025三季报,4.12亿|2025半年报,1.76亿|2025一季报,8570.39万|2024年报,-0.090,43.87,42.30,5.54,1.00,1666.69万,7.17亿,5.41,2.5284,176.98亿,128.56亿,1001838970,False
76,600787,中储股份,SH,5.39,-0.55,21.44,35.37|2025年报,-,5.46亿|2025年报,4.44亿|2025三季报,4.15亿|2025半年报,6441.14万|2025一季报,4.03亿|2024年报,-,5.73亿|2025年报,4.84亿|2025三季报,4.41亿|2025半年报,7880.54万|2025一季报,4.86亿|2024年报,-0.030,5.44,5.37,0.76,0.91,1647.66万,8887.29万,5.36,0.8407,116.97亿,116.97亿,1000002102,False
77,600817,宇通重工,SH,12.42,-0.64,21.41,36.25|2025年报,-,3.09亿|2025年报,1.87亿|2025三季报,1.19亿|2025半年报,5154.78万|2025一季报,2.27亿|2024年报,-,3.29亿|2025年报,1.98亿|2025三季报,1.22亿|2025半年报,5055.98万|2025一季报,2.55亿|2024年报,-0.080,12.57,12.25,1.23,0.70,650.56万,8067.79万,5.35,2.5895,66.24亿,65.73亿,1000000181,False
78,002284,亚太股份,SZ,14.18,0.78,21.38,130.18|2025年报,-,4.90亿|2025年报,3.28亿|2025三季报,2.01亿|2025半年报,1.00亿|2025一季报,2.13亿|2024年报,-,4.91亿|2025年报,3.29亿|2025三季报,2.01亿|2025半年报,1.01亿|2025一季报,2.14亿|2024年报,0.110,14.58,14.11,1.95,1.16,1423.69万,2.04亿,5.35,3.1153,104.80亿,103.64亿,1000007927,False
79,002946,新乳业,SZ,18.14,0.22,21.35,35.98|2025年报,-,7.31亿|2025年报,6.23亿|2025三季报,3.97亿|2025半年报,1.33亿|2025一季报,5.38亿|2024年报,-,7.54亿|2025年报,6.41亿|2025三季报,4.09亿|2025半年报,1.38亿|2025一季报,5.49亿|2024年报,0.040,18.19,17.95,0.40,0.56,342.35万,6186.27万,5.34,4.1091,156.13亿,154.32亿,1001117727,False
80,002249,大洋电机,SZ,9.36,-0.21,21.30,21.99|2025年报,-,10.83亿|2025年报,8.45亿|2025三季报,6.02亿|2025半年报,2.84亿|2025一季报,8.88亿|2024年报,-,11.56亿|2025年报,8.96亿|2025三季报,6.40亿|2025半年报,2.94亿|2025一季报,9.12亿|2024年报,-0.020,9.49,9.35,1.57,0.95,2921.24万,2.75亿,5.32,2.3376,230.49亿,173.97亿,1000007544,False
81,600388,龙净环保,SH,18.63,0.92,21.27,33.95|2025年报,-,11.12亿|2025年报,7.80亿|2025三季报,4.45亿|2025半年报,1.85亿|2025一季报,8.30亿|2024年报,-,11.08亿|2025年报,7.85亿|2025三季报,4.46亿|2025半年报,1.85亿|2025一季报,8.23亿|2024年报,0.170,18.97,18.41,1.47,0.82,1868.34万,3.50亿,5.32,2.1558,236.61亿,236.61亿,1000008762,False
82,600196,复星医药,SH,26.80,1.28,21.23,21.69|2025年报,-,33.71亿|2025年报,25.23亿|2025三季报,17.02亿|2025半年报,7.65亿|2025一季报,27.70亿|2024年报,-,42.48亿|2025年报,30.56亿|2025三季报,21.00亿|2025半年报,9.42亿|2025一季报,35.12亿|2024年报,0.340,27.09,26.55,1.46,1.84,3098.35万,8.30亿,5.31,1.4683,715.68亿,567.75亿,1000000429,False
83,002392,北京利尔,SZ,7.15,-1.65,21.23,25.86|2025年报,-,4.01亿|2025年报,3.48亿|2025三季报,2.18亿|2025半年报,1.26亿|2025一季报,3.19亿|2024年报,-,4.08亿|2025年报,3.52亿|2025三季报,2.19亿|2025半年报,1.26亿|2025一季报,3.33亿|2024年报,-0.120,7.34,7.13,1.03,0.73,1176.23万,8495.55万,5.31,1.4610,85.12亿,81.79亿,1000007859,False
84,603993,洛阳钼业,SH,19.97,2.10,21.01,50.30|2025年报,-,203.39亿|2025年报,142.80亿|2025三季报,86.71亿|2025半年报,39.46亿|2025一季报,135.32亿|2024年报,-,240.27亿|2025年报,164.88亿|2025三季报,98.43亿|2025半年报,44.10亿|2025一季报,154.59亿|2024年报,0.410,20.60,19.88,2.06,1.30,3.60亿,72.96亿,5.25,5.1828,4272.44亿,3486.93亿,1000011995,False
85,300695,兆丰股份,SZ,71.64,-1.81,20.90,150.90|2025年报,-,3.50亿|2025年报,3.03亿|2025三季报,7107.21万|2025半年报,3146.29万|2025一季报,1.40亿|2024年报,-,3.52亿|2025年报,3.04亿|2025三季报,7299.55万|2025半年报,3237.38万|2025一季报,1.32亿|2024年报,-1.320,73.96,71.41,1.12,0.81,114.03万,8286.01万,5.23,2.5292,73.26亿,73.26亿,1000576682,False
86,002379,宏桥控股,SZ,28.27,-2.85,20.62,25996.02|2025年报,-,178.64亿|2025年报,-1.70亿|2025三季报,-1.18亿|2025半年报,-5589.86万|2025一季报,-6898.18万|2024年报,-,187.56亿|2025年报,-1.70亿|2025三季报,-1.18亿|2025半年报,-5589.86万|2025一季报,-6898.18万|2024年报,-0.830,29.23,28.10,1.26,0.86,1434.70万,4.07亿,5.16,3.3770,3683.90亿,321.25亿,1000008036,False
87,300274,阳光电源,SZ,133.89,-3.99,20.62,21.97|2025年报,-,134.61亿|2025年报,118.81亿|2025三季报,77.35亿|2025半年报,38.26亿|2025一季报,110.36亿|2024年报,-,135.33亿|2025年报,119.54亿|2025三季报,78.30亿|2025半年报,37.93亿|2025一季报,112.64亿|2024年报,-5.570,139.34,133.05,5.68,1.04,9030.80万,122.53亿,5.16,5.9553,2775.82亿,2128.87亿,1000008290,False
88,002961,瑞达期货,SZ,23.10,0.92,20.14,42.95|2025年报,-,5.47亿|2025年报,3.86亿|2025三季报,2.28亿|2025半年报,8105.71万|2025一季报,3.83亿|2024年报,-,5.49亿|2025年报,3.88亿|2025三季报,2.29亿|2025半年报,8148.39万|2025一季报,3.84亿|2024年报,0.210,23.40,22.82,2.24,1.10,1065.96万,2.47亿,5.02,2.8493,109.80亿,109.80亿,1000472476,False
89,002772,众兴菌业,SZ,17.93,6.22,20.06,161.63|2025年报,-,3.35亿|2025年报,2.04亿|2025三季报,6901.99万|2025半年报,4820.02万|2025一季报,1.28亿|2024年报,-,3.35亿|2025年报,2.04亿|2025三季报,6807.40万|2025半年报,4789.08万|2025一季报,1.27亿|2024年报,1.050,17.98,16.51,4.68,1.45,1739.63万,3.05亿,5.01,1.9366,67.19亿,66.63亿,1000317648,False
90,000100,TCL科技,SZ,4.35,-0.68,20.03,188.78|2025年报,-,45.17亿|2025年报,30.47亿|2025三季报,18.84亿|2025半年报,10.13亿|2025一季报,15.64亿|2024年报,-,2.14亿|2025年报,4.83亿|2025三季报,3168.30万|2025半年报,2.08亿|2025一季报,-41.56亿|2024年报,-0.030,4.41,4.34,1.42,0.81,2.71亿,11.84亿,5.01,1.4729,904.84亿,832.24亿,1000002254,False
91,002801,微光股份,SZ,31.77,-0.22,20.02,65.22|2025年报,-,3.64亿|2025年报,2.91亿|2025三季报,1.72亿|2025半年报,8694.68万|2025一季报,2.21亿|2024年报,-,3.64亿|2025年报,2.91亿|2025三季报,1.72亿|2025半年报,8694.68万|2025一季报,2.21亿|2024年报,-0.070,32.27,31.60,1.16,0.82,134.03万,4274.35万,5.00,3.8116,72.95亿,36.79亿,1000303921,False
92,002592,ST八菱,SZ,8.18,-0.12,19.82,67.06|2025年报,-,1.17亿|2025年报,9342.49万|2025三季报,5677.56万|2025半年报,4693.29万|2025一季报,6998.16万|2024年报,-,1.17亿|2025年报,9342.49万|2025三季报,5677.56万|2025半年报,4693.29万|2025一季报,6998.16万|2024年报,-0.010,8.27,8.15,1.40,0.47,367.27万,3006.21万,4.96,2.4738,23.18亿,21.49亿,1000009309,False
93,601198,东兴证券,SH,12.87,-1.61,19.79,36.10|2025年报,-,21.02亿|2025年报,15.99亿|2025三季报,8.19亿|2025半年报,3.80亿|2025一季报,15.44亿|2024年报,-,21.03亿|2025年报,16.00亿|2025三季报,8.20亿|2025半年报,3.80亿|2025一季报,15.51亿|2024年报,-0.210,13.10,12.87,0.55,0.78,1769.86万,2.29亿,4.95,1.3757,416.02亿,416.02亿,1000304608,False
94,000807,云铝股份,SZ,34.46,-3.20,19.74,37.24|2025年报,-,60.55亿|2025年报,43.98亿|2025三季报,27.68亿|2025半年报,9.74亿|2025一季报,44.12亿|2024年报,-,73.48亿|2025年报,52.20亿|2025三季报,31.67亿|2025半年报,11.14亿|2025一季报,50.99亿|2024年报,-1.140,35.55,34.30,1.33,0.77,4629.07万,16.10亿,4.93,3.7308,1195.06亿,1195.05亿,1000000865,False
95,001380,华纬科技,SZ,20.04,0.20,19.73,21.49|2025年报,-,2.75亿|2025年报,2.05亿|2025三季报,1.27亿|2025半年报,6384.75万|2025一季报,2.26亿|2024年报,-,2.79亿|2025年报,2.09亿|2025三季报,1.30亿|2025半年报,6584.19万|2025一季报,2.34亿|2024年报,0.040,20.35,20.01,1.67,0.76,146.96万,2962.12万,4.93,2.8153,54.28亿,17.64亿,1003058179,False
96,600356,恒丰纸业,SH,9.16,1.22,19.59,70.72|2025年报,-,1.98亿|2025年报,1.48亿|2025三季报,9493.67万|2025半年报,2802.95万|2025一季报,1.16亿|2024年报,-,2.12亿|2025年报,1.52亿|2025三季报,9634.66万|2025半年报,2837.32万|2025一季报,1.32亿|2024年报,0.110,9.32,9.01,5.49,0.96,1638.95万,1.50亿,3.82,1.0098,30.19亿,27.36亿,1000000766,False
97,603799,华友钴业,SH,62.76,-2.43,19.48,47.07|2025年报,-,61.10亿|2025年报,42.16亿|2025三季报,27.11亿|2025半年报,12.52亿|2025一季报,41.55亿|2024年报,-,75.20亿|2025年报,51.87亿|2025三季报,34.71亿|2025半年报,17.36亿|2025一季报,51.58亿|2024年报,-1.560,65.37,62.61,5.17,1.20,9740.94万,61.97亿,4.87,2.4648,1190.39亿,1182.45亿,1000412125,False
98,601788,光大证券,SH,15.57,-0.76,19.28,21.77|2025年报,-,37.24亿|2025年报,26.78亿|2025三季报,16.83亿|2025半年报,8.19亿|2025一季报,30.58亿|2024年报,-,37.58亿|2025年报,27.06亿|2025三季报,16.96亿|2025半年报,8.24亿|2025一季报,30.86亿|2024年报,-0.120,15.77,15.56,0.30,0.58,1188.68万,1.86亿,4.82,1.1784,717.90亿,608.27亿,1000000061,False
99,000792,盐湖股份,SZ,37.01,-4.76,19.07,81.76|2025年报,-,84.76亿|2025年报,45.03亿|2025三季报,25.15亿|2025半年报,11.45亿|2025一季报,46.63亿|2024年报,-,89.47亿|2025年报,48.36亿|2025三季报,27.09亿|2025半年报,12.60亿|2025一季报,49.14亿|2024年报,-1.850,38.80,37.00,1.92,1.03,1.01亿,38.24亿,5.78,4.3873,1958.41亿,1958.39亿,1000000845,False
100,002345,潮宏基,SZ,10.65,0.85,19.04,156.66|2025年报,-,4.97亿|2025年报,3.17亿|2025三季报,3.31亿|2025半年报,1.89亿|2025一季报,1.94亿|2024年报,-,4.72亿|2025年报,3.16亿|2025三季报,3.33亿|2025半年报,1.90亿|2025一季报,1.69亿|2024年报,0.090,10.74,10.56,1.53,0.86,1325.64万,1.42亿,4.76,2.5141,94.63亿,92.36亿,1000008356,False
101,603588,高能环境,SH,15.20,-3.06,19.04,168.40|2026一季报,6.03亿|2026一季报,8.38亿|2025年报,6.46亿|2025三季报,5.02亿|2025半年报,2.25亿|2025一季报,-,7.22亿|2026一季报,10.39亿|2025年报,7.77亿|2025三季报,5.69亿|2025半年报,2.62亿|2025一季报,-,-0.480,15.66,14.96,7.61,0.88,1.16亿,17.78亿,9.60,2.2593,231.53亿,231.53亿,1000310515,False
102,688336,三生国健,SH,89.28,3.77,19.03,311.49|2025年报,-,28.99亿|2025年报,3.99亿|2025三季报,1.90亿|2025半年报,1.03亿|2025一季报,7.05亿|2024年报,-,28.92亿|2025年报,3.90亿|2025三季报,1.86亿|2025半年报,1.00亿|2025一季报,6.91亿|2024年报,3.240,91.44,84.16,2.26,1.06,1391.21万,12.22亿,4.76,6.5163,551.83亿,550.67亿,1002029707,False
103,601808,中海油服,SH,15.31,-2.48,19.02,22.47|2025年报,-,38.42亿|2025年报,32.09亿|2025三季报,19.64亿|2025半年报,8.87亿|2025一季报,31.37亿|2024年报,-,40.60亿|2025年报,33.91亿|2025三季报,20.77亿|2025半年报,9.37亿|2025一季报,33.99亿|2024年报,-0.390,15.48,15.17,0.95,0.99,2817.44万,4.31亿,4.75,1.5686,730.53亿,453.25亿,1000006720,False
104,002673,西部证券,SZ,7.34,-0.41,18.71,24.97|2025年报,-,17.54亿|2025年报,12.43亿|2025三季报,7.85亿|2025半年报,2.91亿|2025一季报,14.03亿|2024年报,-,18.13亿|2025年报,12.65亿|2025三季报,7.99亿|2025半年报,2.98亿|2025一季报,14.28亿|2024年报,-0.030,7.41,7.33,0.38,0.55,1720.18万,1.27亿,4.68,1.0885,328.07亿,328.07亿,1000001680,False
105,000778,新兴铸管,SZ,4.46,-1.11,18.66,465.67|2025年报,-,9.47亿|2025年报,6.99亿|2025三季报,4.04亿|2025半年报,1.37亿|2025一季报,1.67亿|2024年报,-,10.14亿|2025年报,7.53亿|2025三季报,4.39亿|2025半年报,1.53亿|2025一季报,-2878.24万|2024年报,-0.050,4.53,4.45,0.93,0.56,3620.40万,1.62亿,4.67,0.6702,176.76亿,173.65亿,1000000408,False
106,689009,九号公司-WD,SH,45.18,2.82,18.57,62.17|2025年报,-,17.58亿|2025年报,17.87亿|2025三季报,12.42亿|2025半年报,4.56亿|2025一季报,10.84亿|2024年报,-,17.62亿|2025年报,17.50亿|2025三季报,12.52亿|2025半年报,4.56亿|2025一季报,10.85亿|2024年报,1.240,45.79,44.27,2.76,1.58,1535.87万,6.95亿,4.64,4.5467,326.50亿,251.05亿,1001830005,False
107,601168,西部矿业,SH,28.24,-0.49,18.47,24.26|2025年报,-,36.43亿|2025年报,29.45亿|2025三季报,18.69亿|2025半年报,8.08亿|2025一季报,29.32亿|2024年报,-,61.52亿|2025年报,51.83亿|2025三季报,33.63亿|2025半年报,15.51亿|2025一季报,52.94亿|2024年报,-0.140,29.44,28.15,2.51,1.10,5989.96万,17.26亿,4.62,3.6673,672.96亿,672.96亿,1000007794,False
108,600021,上海电力,SH,18.06,-1.10,18.41,35.26|2025年报,-,27.67亿|2025年报,30.50亿|2025三季报,19.09亿|2025半年报,8.29亿|2025一季报,20.46亿|2024年报,-,52.93亿|2025年报,51.61亿|2025三季报,33.77亿|2025半年报,14.67亿|2025一季报,41.63亿|2024年报,-0.200,18.55,17.99,1.80,1.53,5090.17万,9.26亿,4.60,2.5001,509.51亿,509.51亿,1000001152,False
109,600989,宝丰能源,SH,28.43,-3.63,18.37,79.09|2025年报,-,113.50亿|2025年报,89.50亿|2025三季报,57.18亿|2025半年报,24.37亿|2025一季报,63.38亿|2024年报,-,113.50亿|2025年报,89.50亿|2025三季报,57.18亿|2025半年报,24.37亿|2025一季报,63.38亿|2024年报,-1.070,29.10,28.04,1.78,1.08,1.31亿,37.20亿,4.59,4.3085,2084.87亿,2084.87亿,1001247908,False
110,601377,兴业证券,SH,6.02,-0.33,18.11,32.64|2025年报,-,28.70亿|2025年报,25.21亿|2025三季报,13.30亿|2025半年报,5.16亿|2025一季报,21.64亿|2024年报,-,37.14亿|2025年报,31.98亿|2025三季报,17.23亿|2025半年报,6.97亿|2025一季报,28.97亿|2024年报,-0.020,6.07,5.99,0.79,0.60,6864.27万,4.13亿,4.53,0.9294,519.89亿,519.89亿,1000000057,False
111,002895,川恒股份,SZ,37.66,-0.87,18.11,31.76|2025年报,-,12.60亿|2025年报,9.65亿|2025三季报,5.36亿|2025半年报,2.02亿|2025一季报,9.56亿|2024年报,-,13.35亿|2025年报,10.18亿|2025三季报,5.59亿|2025半年报,2.10亿|2025一季报,9.58亿|2024年报,-0.330,38.45,36.90,1.65,0.98,979.73万,3.68亿,4.53,2.9606,228.18亿,224.06亿,1000712764,False
112,601066,中信建投,SH,21.84,-0.55,17.95,30.68|2025年报,-,94.39亿|2025年报,70.89亿|2025三季报,45.09亿|2025半年报,18.43亿|2025一季报,72.23亿|2024年报,-,94.54亿|2025年报,70.99亿|2025三季报,45.16亿|2025半年报,18.46亿|2025一季报,72.36亿|2024年报,-0.120,22.06,21.82,0.12,0.60,763.12万,1.67亿,4.49,2.0421,1694.06亿,1418.65亿,1001030413,False
113,601899,紫金矿业,SH,34.91,0.32,17.93,61.55|2025年报,-,517.77亿|2025年报,378.64亿|2025三季报,232.92亿|2025半年报,101.67亿|2025一季报,320.51亿|2024年报,-,638.22亿|2025年报,457.01亿|2025三季报,286.45亿|2025半年报,124.65亿|2025一季报,393.93亿|2024年报,0.110,36.00,34.81,1.45,1.12,2.99亿,105.98亿,4.48,5.0468,9282.82亿,7192.09亿,1000001989,False
114,002768,国恩股份,SZ,49.64,-0.86,17.78,24.38|2025年报,-,8.41亿|2025年报,6.15亿|2025三季报,3.46亿|2025半年报,1.11亿|2025一季报,6.76亿|2024年报,-,8.23亿|2025年报,6.20亿|2025三季报,3.47亿|2025半年报,1.14亿|2025一季报,7.09亿|2024年报,-0.430,50.88,49.51,2.11,1.23,372.21万,1.86亿,4.44,2.6090,149.54亿,87.74亿,1000305973,False
115,605305,中际联合,SH,42.55,-5.34,17.56,68.47|2025年报,-,5.30亿|2025年报,4.38亿|2025三季报,2.62亿|2025半年报,9853.60万|2025一季报,3.15亿|2024年报,-,5.30亿|2025年报,4.38亿|2025三季报,2.62亿|2025半年报,9853.60万|2025一季报,3.15亿|2024年报,-2.400,44.95,42.38,6.71,1.33,1426.58万,6.13亿,4.26,3.0762,90.43亿,90.43亿,1001958719,False
116,002616,长青集团,SZ,5.71,-1.21,17.51,29.33|2025年报,-,2.80亿|2025年报,2.02亿|2025三季报,1.21亿|2025半年报,8104.70万|2025一季报,2.17亿|2024年报,-,2.83亿|2025年报,2.03亿|2025三季报,1.22亿|2025半年报,8166.73万|2025一季报,2.19亿|2024年报,-0.070,5.79,5.69,1.95,0.68,1146.07万,6557.97万,4.37,1.3552,49.03亿,33.51亿,1000010133,False
117,002911,佛燃能源,SZ,13.75,-0.65,17.33,20.77|2025年报,-,10.30亿|2025年报,4.90亿|2025三季报,3.10亿|2025半年报,8102.65万|2025一季报,8.53亿|2024年报,-,11.85亿|2025年报,5.90亿|2025三季报,3.63亿|2025半年报,7598.76万|2025一季报,9.68亿|2024年报,-0.090,14.16,13.59,1.14,1.55,1439.43万,1.98亿,4.33,3.6098,178.50亿,174.22亿,1000010917,False
118,600179,安通控股,SH,4.44,0.00,17.30,77.90|2025年报,-,10.86亿|2025年报,6.64亿|2025三季报,5.12亿|2025半年报,2.41亿|2025一季报,6.10亿|2024年报,-,10.86亿|2025年报,6.64亿|2025三季报,5.12亿|2025半年报,2.41亿|2025一季报,6.10亿|2024年报,0.000,4.49,4.42,0.82,0.85,3156.52万,1.41亿,4.33,1.5846,187.88亿,171.49亿,1000001412,False
119,002959,小熊电器,SZ,42.81,-0.51,17.00,36.40|2025年报,-,3.93亿|2025年报,2.46亿|2025三季报,2.05亿|2025半年报,1.30亿|2025一季报,2.88亿|2024年报,-,4.20亿|2025年报,2.68亿|2025三季报,2.18亿|2025半年报,1.36亿|2025一季报,3.06亿|2024年报,-0.220,43.01,42.69,0.88,0.50,132.84万,5688.25万,4.25,2.2293,66.71亿,64.44亿,1001402309,False
120,002299,圣农发展,SZ,18.74,-0.85,16.88,90.55|2025年报,-,13.80亿|2025年报,11.59亿|2025三季报,9.10亿|2025半年报,1.48亿|2025一季报,7.24亿|2024年报,-,13.87亿|2025年报,11.72亿|2025三季报,9.20亿|2025半年报,1.54亿|2025一季报,7.15亿|2024年报,-0.160,18.92,18.55,0.83,0.79,1007.42万,1.89亿,4.22,2.0780,232.96亿,228.43亿,1000007903,False
121,603259,药明康德,SH,106.83,0.26,16.64,102.65|2025年报,-,191.51亿|2025年报,120.76亿|2025三季报,85.61亿|2025半年报,36.72亿|2025一季报,94.50亿|2024年报,-,193.33亿|2025年报,122.06亿|2025三季报,86.60亿|2025半年报,37.15亿|2025一季报,95.68亿|2024年报,0.280,108.75,105.44,1.49,1.01,3678.46万,39.24亿,4.16,3.9988,3187.55亿,2642.21亿,1001042696,False
122,301109,军信股份,SZ,15.09,0.00,16.62,33.62|2025年报,-,7.17亿|2025年报,6.05亿|2025三季报,4.00亿|2025半年报,1.73亿|2025一季报,5.36亿|2024年报,-,9.94亿|2025年报,8.25亿|2025三季报,5.44亿|2025半年报,2.36亿|2025一季报,6.86亿|2024年报,0.000,15.19,15.09,1.95,0.73,449.04万,6796.84万,4.15,1.5364,119.08亿,34.76亿,1002479170,False
123,600660,福耀玻璃,SH,59.03,0.79,16.54,24.20|2025年报,-,93.12亿|2025年报,70.64亿|2025三季报,48.05亿|2025半年报,20.30亿|2025一季报,74.98亿|2024年报,-,93.17亿|2025年报,70.68亿|2025三季报,48.08亿|2025半年报,20.31亿|2025一季报,75.04亿|2024年报,0.460,59.20,58.57,0.54,1.05,1085.26万,6.39亿,4.14,4.1019,1540.53亿,1182.36亿,1000002179,False
124,600079,ST人福,SH,18.79,1.35,16.53,39.53|2025年报,-,18.55亿|2025年报,16.89亿|2025三季报,11.55亿|2025半年报,5.40亿|2025一季报,13.30亿|2024年报,-,24.92亿|2025年报,21.83亿|2025三季报,14.97亿|2025半年报,6.99亿|2025一季报,17.78亿|2024年报,0.250,18.88,18.61,0.82,1.30,1257.75万,2.36亿,4.13,1.6216,306.70亿,289.96亿,1000001745,False
125,601995,中金公司,SH,33.45,-0.42,16.49,71.93|2025年报,-,97.91亿|2025年报,65.67亿|2025三季报,43.30亿|2025半年报,20.42亿|2025一季报,56.94亿|2024年报,-,98.00亿|2025年报,65.65亿|2025三季报,43.34亿|2025半年报,20.44亿|2025一季报,56.74亿|2024年报,-0.140,33.70,33.40,0.32,0.57,942.57万,3.16亿,4.12,1.6154,1614.72亿,977.92亿,1002243655,False
126,002140,东华科技,SZ,12.41,-0.48,16.49,29.89|2025年报,-,5.33亿|2025年报,3.65亿|2025三季报,2.40亿|2025半年报,1.21亿|2025一季报,4.10亿|2024年报,-,5.20亿|2025年报,3.63亿|2025三季报,2.41亿|2025半年报,1.22亿|2025一季报,3.97亿|2024年报,-0.060,12.49,12.32,1.11,0.95,784.78万,9738.55万,4.12,1.8531,87.86亿,87.73亿,1000007256,False
127,300505,川金诺,SZ,27.06,-2.31,16.39,157.77|2025年报,-,4.54亿|2025年报,3.04亿|2025三季报,1.77亿|2025半年报,7202.18万|2025一季报,1.76亿|2024年报,-,4.76亿|2025年报,3.19亿|2025三季报,1.86亿|2025半年报,7567.49万|2025一季报,1.85亿|2024年报,-0.640,27.98,26.95,7.15,0.85,1554.21万,4.24亿,4.10,2.5487,74.38亿,58.82亿,1000304604,False
128,002648,卫星化学,SZ,27.92,-6.87,16.05,34.97|2026一季报,21.17亿|2026一季报,53.11亿|2025年报,37.55亿|2025三季报,27.44亿|2025半年报,15.68亿|2025一季报,-,21.17亿|2026一季报,53.05亿|2025年报,37.55亿|2025三季报,27.42亿|2025半年报,15.68亿|2025一季报,-,-2.060,29.73,27.70,2.44,1.34,8212.45万,23.21亿,11.11,2.6529,940.53亿,939.92亿,1000009284,False
129,600104,上汽集团,SH,14.04,-0.50,15.97,506.45|2025年报,-,101.06亿|2025年报,81.01亿|2025三季报,60.18亿|2025半年报,30.23亿|2025一季报,16.66亿|2024年报,-,174.44亿|2025年报,119.99亿|2025三季报,83.19亿|2025半年报,40.05亿|2025一季报,58.33亿|2024年报,-0.070,14.16,14.03,0.32,0.84,3694.55万,5.20亿,3.99,0.5401,1613.94亿,1613.94亿,1000002328,False
130,600415,小商品城,SH,12.22,-0.41,15.94,36.76|2025年报,-,42.04亿|2025年报,34.57亿|2025三季报,16.91亿|2025半年报,8.03亿|2025一季报,30.74亿|2024年报,-,42.16亿|2025年报,34.65亿|2025三季报,16.97亿|2025半年报,8.04亿|2025一季报,30.78亿|2024年报,-0.050,12.37,12.20,1.26,0.60,6919.64万,8.49亿,3.99,2.9201,670.09亿,670.09亿,1000000004,False
131,600983,惠而浦,SH,10.78,-0.83,15.90,157.55|2025年报,-,5.20亿|2025年报,3.17亿|2025三季报,2.16亿|2025半年报,1.16亿|2025一季报,2.02亿|2024年报,-,5.20亿|2025年报,3.17亿|2025三季报,2.16亿|2025半年报,1.16亿|2025一季报,2.02亿|2024年报,-0.090,10.99,10.67,1.18,0.79,904.86万,9743.12万,3.97,2.7759,82.62亿,82.62亿,1000002023,False
132,603444,吉比特,SH,393.34,10.00,15.80,89.82|2025年报,-,17.94亿|2025年报,12.14亿|2025三季报,6.45亿|2025半年报,2.83亿|2025一季报,9.45亿|2024年报,-,21.46亿|2025年报,15.08亿|2025三季报,8.20亿|2025半年报,3.79亿|2025一季报,11.79亿|2024年报,35.760,393.34,369.99,5.16,1.99,371.49万,14.43亿,3.95,5.1422,283.37亿,283.37亿,1000319586,False
133,300138,晨光生物,SZ,12.03,-0.50,15.76,292.21|2025年报,-,3.69亿|2025年报,3.04亿|2025三季报,2.15亿|2025半年报,1.09亿|2025一季报,9404.96万|2024年报,-,3.75亿|2025年报,3.11亿|2025三季报,2.21亿|2025半年报,1.11亿|2025一季报,7795.71万|2024年报,-0.060,12.18,12.00,1.23,0.72,491.69万,5926.75万,3.94,1.7148,58.12亿,47.92亿,1000008202,False
134,603326,我乐家居,SH,8.55,-0.58,15.65,43.56|2025年报,-,1.74亿|2025年报,1.38亿|2025三季报,9231.01万|2025半年报,4014.82万|2025一季报,1.21亿|2024年报,-,1.74亿|2025年报,1.38亿|2025三季报,9231.01万|2025半年报,4014.82万|2025一季报,1.21亿|2024年报,-0.050,8.67,8.51,0.97,0.77,310.36万,2660.12万,3.91,2.3066,27.29亿,27.29亿,1000625541,False
135,600575,淮河能源,SH,3.68,-0.27,15.54,97.90|2025年报,-,16.98亿|2025年报,7.52亿|2025三季报,4.48亿|2025半年报,2.66亿|2025一季报,8.58亿|2024年报,-,21.51亿|2025年报,7.92亿|2025三季报,4.80亿|2025半年报,2.94亿|2025一季报,9.15亿|2024年报,-0.010,3.72,3.66,0.88,0.84,3420.21万,1.26亿,3.88,1.2001,263.74亿,143.01亿,1000001707,False
136,600125,铁龙物流,SH,6.24,0.32,15.52,37.48|2025年报,-,5.25亿|2025年报,5.48亿|2025三季报,3.79亿|2025半年报,2.02亿|2025一季报,3.82亿|2024年报,-,5.21亿|2025年报,5.45亿|2025三季报,3.77亿|2025半年报,2.01亿|2025一季报,3.82亿|2024年报,0.020,6.25,6.16,2.00,0.53,2616.18万,1.62亿,3.88,1.0688,81.46亿,81.46亿,1000002405,False
137,920735,德源药业,BJ,31.26,0.32,15.48,33.87|2025年报,-,2.37亿|2025年报,1.59亿|2025三季报,9778.55万|2025半年报,4644.30万|2025一季报,1.77亿|2024年报,-,2.37亿|2025年报,1.59亿|2025三季报,9778.55万|2025半年报,4644.30万|2025一季报,1.77亿|2024年报,0.100,31.98,31.20,2.14,1.18,221.56万,7002.13万,3.87,2.8061,36.67亿,32.43亿,1000466079,False
138,000157,中联重科,SZ,8.68,-0.12,15.45,38.01|2025年报,-,48.58亿|2025年报,39.20亿|2025三季报,27.65亿|2025半年报,14.10亿|2025一季报,35.20亿|2024年报,-,51.07亿|2025年报,41.05亿|2025三季报,29.00亿|2025半年报,15.16亿|2025一季报,40.09亿|2024年报,-0.010,8.83,8.65,0.87,0.87,6175.79万,5.38亿,3.86,1.3040,750.69亿,613.65亿,1000001930,False
139,601333,广深铁路,SH,3.05,0.00,15.15,34.49|2025年报,-,14.26亿|2025年报,14.56亿|2025三季报,11.09亿|2025半年报,4.68亿|2025一季报,10.60亿|2024年报,-,14.25亿|2025年报,14.56亿|2025三季报,11.09亿|2025半年报,4.69亿|2025一季报,10.59亿|2024年报,0.000,3.06,3.04,0.47,0.53,2647.33万,8075.59万,3.79,0.7636,216.05亿,172.39亿,1000004424,False
140,601901,方正证券,SH,7.14,-0.14,14.81,79.85|2025年报,-,39.70亿|2025年报,37.99亿|2025三季报,23.84亿|2025半年报,11.95亿|2025一季报,22.07亿|2024年报,-,39.12亿|2025年报,37.11亿|2025三季报,22.82亿|2025半年报,11.79亿|2025一季报,21.67亿|2024年报,-0.010,7.18,7.12,0.49,0.61,4069.81万,2.91亿,3.70,1.1591,587.77亿,587.77亿,1000000058,False
141,002393,力生制药,SZ,23.75,1.84,14.70,125.59|2025年报,-,4.16亿|2025年报,3.71亿|2025三季报,3.43亿|2025半年报,5527.53万|2025一季报,1.85亿|2024年报,-,4.23亿|2025年报,3.74亿|2025三季报,3.45亿|2025半年报,5657.09万|2025一季报,1.86亿|2024年报,0.430,23.85,23.25,2.87,1.42,718.01万,1.70亿,3.67,1.3443,61.18亿,59.45亿,1000006684,False
142,000612,焦作万方,SZ,13.16,-2.95,14.65,81.95|2025年报,-,10.71亿|2025年报,9.06亿|2025三季报,5.36亿|2025半年报,1.61亿|2025一季报,5.89亿|2024年报,-,10.71亿|2025年报,9.06亿|2025三季报,5.36亿|2025半年报,1.61亿|2025一季报,5.89亿|2024年报,-0.400,13.71,13.15,4.85,0.84,5777.54万,7.72亿,3.66,2.1819,156.89亿,156.76亿,1000004171,False
143,002039,黔源电力,SZ,20.54,-1.72,14.63,175.02|2025年报,-,6.00亿|2025年报,4.93亿|2025三季报,1.27亿|2025半年报,5184.65万|2025一季报,2.18亿|2024年报,-,11.15亿|2025年报,8.91亿|2025三季报,2.38亿|2025半年报,9845.19万|2025一季报,4.00亿|2024年报,-0.360,21.02,20.32,3.36,0.68,1434.69万,2.96亿,3.66,1.9775,87.82亿,87.82亿,1000001732,False
144,002170,芭田股份,SZ,13.45,0.15,14.60,122.79|2025年报,-,9.12亿|2025年报,6.87亿|2025三季报,4.56亿|2025半年报,1.71亿|2025一季报,4.09亿|2024年报,-,9.12亿|2025年报,6.88亿|2025三季报,4.57亿|2025半年报,1.71亿|2025一季报,4.10亿|2024年报,0.020,13.78,13.35,5.73,1.51,4507.76万,6.10亿,3.58,3.4728,130.51亿,105.87亿,1000006770,False
145,600066,宇通客车,SH,36.45,-0.82,14.53,34.94|2025年报,-,55.54亿|2025年报,32.92亿|2025三季报,19.36亿|2025半年报,7.55亿|2025一季报,41.16亿|2024年报,-,56.25亿|2025年报,33.64亿|2025三季报,19.73亿|2025半年报,7.73亿|2025一季报,41.54亿|2024年报,-0.300,36.98,36.14,0.90,0.89,1990.66万,7.24亿,3.63,5.1723,806.98亿,806.98亿,1000001694,False
146,002128,电投能源,SZ,32.78,3.80,14.52,28.35|2026一季报,20.01亿|2026一季报,54.19亿|2025年报,41.18亿|2025三季报,27.87亿|2025半年报,15.59亿|2025一季报,-,26.08亿|2026一季报,65.30亿|2025年报,49.48亿|2025三季报,32.98亿|2025半年报,17.45亿|2025一季报,-,1.200,32.80,31.52,1.34,1.85,3013.57万,9.80亿,9.18,1.8507,734.79亿,734.79亿,1000007108,False
147,002852,道道全,SZ,9.77,-0.91,14.39,32.02|2025年报,-,2.34亿|2025年报,2.16亿|2025三季报,1.81亿|2025半年报,1.03亿|2025一季报,1.77亿|2024年报,-,2.42亿|2025年报,2.23亿|2025三季报,1.86亿|2025半年报,1.07亿|2025一季报,1.79亿|2024年报,-0.090,9.86,9.76,1.20,0.69,342.08万,3348.56万,3.60,1.5246,33.61亿,27.92亿,1000460211,False
148,600958,东方证券,SH,9.28,-0.64,14.00,68.16|2025年报,-,56.34亿|2025年报,51.10亿|2025三季报,34.63亿|2025半年报,14.36亿|2025一季报,33.50亿|2024年报,-,56.34亿|2025年报,51.10亿|2025三季报,34.63亿|2025半年报,14.36亿|2025一季报,33.50亿|2024年报,-0.060,9.38,9.26,0.45,0.57,3346.49万,3.12亿,3.50,0.9895,788.49亿,693.17亿,1000304609,False
149,600909,华安证券,SH,5.72,-0.69,13.63,41.92|2025年报,-,21.08亿|2025年报,18.83亿|2025三季报,10.35亿|2025半年报,5.25亿|2025一季报,14.86亿|2024年报,-,21.11亿|2025年报,18.90亿|2025三季报,10.35亿|2025半年报,5.24亿|2025一季报,14.89亿|2024年报,-0.040,5.79,5.71,0.72,0.57,3596.49万,2.06亿,3.41,1.1233,287.38亿,287.38亿,1000304178,False
150,000933,神火股份,SZ,33.76,-3.02,13.59,223.28|2026一季报,22.90亿|2026一季报,40.05亿|2025年报,34.90亿|2025三季报,19.04亿|2025半年报,7.08亿|2025一季报,-,28.75亿|2026一季报,45.63亿|2025年报,42.26亿|2025三季报,22.50亿|2025半年报,7.84亿|2025一季报,-,-1.050,34.59,33.62,2.05,0.87,4610.99万,15.70亿,8.29,2.8231,759.26亿,758.73亿,1000001335,False
151,600061,国投资本,SH,6.97,-0.43,13.59,21.71|2025年报,-,32.79亿|2025年报,28.53亿|2025三季报,17.00亿|2025半年报,6.80亿|2025一季报,26.94亿|2024年报,-,36.28亿|2025年报,32.05亿|2025三季报,18.93亿|2025半年报,7.97亿|2025一季报,31.98亿|2024年报,-0.030,7.02,6.96,0.30,0.54,1892.99万,1.32亿,3.40,0.8225,445.66亿,445.66亿,1000002508,False
152,600507,方大特钢,SH,5.50,-0.18,13.50,280.18|2025年报,-,9.42亿|2025年报,7.89亿|2025三季报,4.05亿|2025半年报,2.50亿|2025一季报,2.48亿|2024年报,-,9.48亿|2025年报,7.91亿|2025三季报,4.06亿|2025半年报,2.51亿|2025一季报,2.52亿|2024年报,-0.010,5.56,5.49,0.66,0.63,1517.83万,8371.60万,3.38,1.2530,127.23亿,127.23亿,1000001146,False
153,002546,新联电子,SZ,9.29,-1.38,13.40,116.86|2025年报,-,5.78亿|2025年报,5.35亿|2025三季报,1.88亿|2025半年报,1.07亿|2025一季报,2.67亿|2024年报,-,5.79亿|2025年报,5.36亿|2025三季报,1.88亿|2025半年报,1.07亿|2025一季报,2.65亿|2024年报,-0.130,9.50,9.25,4.72,1.50,3778.35万,3.53亿,3.35,2.0422,77.48亿,74.43亿,1000008097,False
154,000932,华菱钢铁,SZ,5.03,-0.40,13.20,28.49|2025年报,-,26.11亿|2025年报,25.10亿|2025三季报,17.48亿|2025半年报,5.62亿|2025一季报,20.32亿|2024年报,-,38.70亿|2025年报,33.64亿|2025三季报,23.10亿|2025半年报,8.32亿|2025一季报,32.00亿|2024年报,-0.020,5.08,5.02,0.81,0.77,5518.95万,2.78亿,3.30,0.6188,344.69亿,344.69亿,1000001234,False
155,300926,博俊科技,SZ,25.52,-2.18,13.13,37.68|2025年报,-,8.44亿|2025年报,6.27亿|2025三季报,3.52亿|2025半年报,1.49亿|2025一季报,6.13亿|2024年报,-,8.44亿|2025年报,6.27亿|2025三季报,3.52亿|2025半年报,1.49亿|2025一季报,6.13亿|2024年报,-0.570,26.24,25.45,1.51,0.75,451.36万,1.16亿,3.28,3.1773,110.84亿,76.05亿,1001898962,False
156,000028,国药一致,SZ,26.45,3.32,12.96,76.80|2025年报,-,11.36亿|2025年报,9.57亿|2025三季报,6.66亿|2025半年报,3.28亿|2025一季报,6.42亿|2024年报,-,11.28亿|2025年报,10.19亿|2025三季报,7.13亿|2025半年报,3.48亿|2025一季报,2.37亿|2024年报,0.850,26.55,25.70,2.06,1.66,984.54万,2.58亿,3.24,0.7910,147.21亿,126.44亿,1000000205,False
157,000791,甘肃能源,SZ,8.02,-1.60,12.68,24.77|2025年报,-,20.51亿|2025年报,15.82亿|2025三季报,8.25亿|2025半年报,4.80亿|2025一季报,16.44亿|2024年报,-,29.84亿|2025年报,22.27亿|2025三季报,11.82亿|2025半年报,7.03亿|2025一季报,22.93亿|2024年报,-0.130,8.13,7.82,4.52,1.43,8749.84万,7.00亿,3.17,1.7286,260.16亿,155.24亿,1000000515,False
158,000987,越秀资本,SZ,8.79,-0.23,12.53,53.42|2025年报,-,35.19亿|2025年报,30.10亿|2025三季报,15.58亿|2025半年报,6.57亿|2025一季报,22.94亿|2024年报,-,45.69亿|2025年报,38.22亿|2025三季报,20.00亿|2025半年报,8.49亿|2025一季报,27.34亿|2024年报,-0.020,8.88,8.77,0.85,0.61,4278.43万,3.77亿,3.13,1.3769,441.01亿,440.67亿,1000009331,False
159,000166,申万宏源,SZ,4.75,-0.42,12.51,82.46|2025年报,-,95.07亿|2025年报,80.16亿|2025三季报,42.84亿|2025半年报,19.77亿|2025一季报,52.11亿|2024年报,-,105.27亿|2025年报,87.93亿|2025三季报,48.03亿|2025半年报,22.47亿|2025一季报,62.51亿|2024年报,-0.020,4.79,4.74,0.24,0.59,5412.16万,2.57亿,3.13,1.0658,1189.40亿,1070.44亿,1000420071,False
160,600282,南钢股份,SH,5.65,-0.35,12.15,26.83|2025年报,-,28.67亿|2025年报,21.76亿|2025三季报,14.63亿|2025半年报,5.78亿|2025一季报,22.61亿|2024年报,-,27.58亿|2025年报,20.89亿|2025三季报,14.03亿|2025半年报,5.64亿|2025一季报,21.92亿|2024年报,-0.020,5.70,5.56,0.48,0.77,2928.44万,1.65亿,3.04,1.2568,348.33亿,348.33亿,1000001995,False
161,600030,中信证券,SH,26.01,-0.69,11.42,38.58|2025年报,-,300.76亿|2025年报,231.59亿|2025三季报,137.19亿|2025半年报,65.45亿|2025一季报,217.04亿|2024年报,-,310.07亿|2025年报,239.16亿|2025三季报,141.46亿|2025半年报,67.62亿|2025一季报,225.89亿|2024年报,-0.180,26.39,25.97,0.91,0.53,1.11亿,28.92亿,3.20,1.1522,3854.82亿,3167.12亿,1000002450,False
162,601881,中国银河,SH,12.99,-0.61,11.35,24.81|2025年报,-,125.20亿|2025年报,109.68亿|2025三季报,64.88亿|2025半年报,30.16亿|2025一季报,100.31亿|2024年报,-,125.20亿|2025年报,109.68亿|2025三季报,64.88亿|2025半年报,30.16亿|2025一季报,100.31亿|2024年报,-0.080,13.15,12.98,0.32,0.55,2336.36万,3.05亿,2.84,1.2046,1420.38亿,940.92亿,1000350709,False
163,000776,广发证券,SZ,19.86,1.17,11.34,42.18|2025年报,-,137.02亿|2025年报,109.34亿|2025三季报,64.70亿|2025半年报,27.57亿|2025一季报,96.37亿|2024年报,-,149.52亿|2025年报,118.78亿|2025三季报,70.06亿|2025半年报,29.70亿|2025一季报,105.45亿|2024年报,0.230,20.18,19.61,1.45,1.16,8537.65万,17.01亿,2.84,1.1999,1554.01亿,1172.54亿,1000000404,False
164,600668,尖峰集团,SH,11.28,3.20,11.31,281.43|2025年报,-,4.12亿|2025年报,6.50亿|2025三季报,6.18亿|2025半年报,5.82亿|2025一季报,1.08亿|2024年报,-,3.95亿|2025年报,6.58亿|2025三季报,6.28亿|2025半年报,5.87亿|2025一季报,1.33亿|2024年报,0.350,11.39,10.93,3.17,1.84,1308.55万,1.47亿,2.83,0.8460,46.58亿,46.58亿,1000002220,False
165,603558,健盛集团,SH,13.32,-1.48,11.27,24.62|2025年报,-,4.05亿|2025年报,3.09亿|2025三季报,1.42亿|2025半年报,6012.23万|2025一季报,3.25亿|2024年报,-,4.05亿|2025年报,3.09亿|2025三季报,1.42亿|2025半年报,6012.23万|2025一季报,3.25亿|2024年报,-0.200,13.58,13.29,1.58,0.58,540.36万,7229.77万,2.82,1.9458,45.64亿,45.64亿,1000310540,False
166,601607,上海医药,SH,17.25,1.35,11.17,25.74|2025年报,-,57.25亿|2025年报,51.47亿|2025三季报,44.59亿|2025半年报,13.33亿|2025一季报,45.53亿|2024年报,-,69.74亿|2025年报,59.86亿|2025三季报,49.95亿|2025半年报,16.40亿|2025一季报,58.70亿|2024年报,0.230,17.28,17.04,0.51,1.32,1428.29万,2.45亿,2.79,0.8429,639.69亿,481.14亿,1000004135,False
167,601083,锦江航运,SH,12.90,0.31,11.13,47.00|2025年报,-,15.00亿|2025年报,11.85亿|2025三季报,7.94亿|2025半年报,3.57亿|2025一季报,10.21亿|2024年报,-,15.12亿|2025年报,11.94亿|2025三季报,8.00亿|2025半年报,3.59亿|2025一季报,10.36亿|2024年报,0.040,12.96,12.74,4.40,0.56,854.95万,1.10亿,2.78,1.7719,166.94亿,25.04亿,1003354127,False
168,600098,广州发展,SH,7.15,-0.42,10.88,33.93|2025年报,-,23.19亿|2025年报,21.59亿|2025三季报,16.35亿|2025半年报,4.52亿|2025一季报,17.32亿|2024年报,-,24.80亿|2025年报,22.67亿|2025三季报,16.79亿|2025半年报,4.77亿|2025一季报,19.55亿|2024年报,-0.030,7.24,7.14,0.66,0.89,2297.84万,1.65亿,2.70,0.9218,250.67亿,250.67亿,1000002322,False
169,601211,国泰海通,SH,17.05,-0.53,10.81,113.52|2025年报,-,278.09亿|2025年报,220.74亿|2025三季报,157.37亿|2025半年报,122.42亿|2025一季报,130.24亿|2024年报,-,291.70亿|2025年报,230.59亿|2025三季报,163.21亿|2025半年报,125.09亿|2025一季报,135.49亿|2024年报,-0.090,17.20,17.04,0.45,0.50,6091.34万,10.42亿,2.70,0.9380,3005.73亿,2301.22亿,1000304595,False
170,688332,中科蓝讯,SH,126.31,-0.21,10.76,371.66|2025年报,-,14.15亿|2025年报,2.11亿|2025三季报,1.31亿|2025半年报,4489.02万|2025一季报,3.00亿|2024年报,-,14.15亿|2025年报,2.11亿|2025三季报,1.31亿|2025半年报,4479.06万|2025一季报,3.00亿|2024年报,-0.260,129.27,126.00,1.77,0.82,213.58万,2.71亿,2.69,2.8821,152.33亿,152.33亿,1002629418,False
171,601991,大唐发电,SH,3.89,0.52,9.75,63.91|2025年报,-,73.86亿|2025年报,67.12亿|2025三季报,45.79亿|2025半年报,22.38亿|2025一季报,45.06亿|2024年报,-,100.23亿|2025年报,94.21亿|2025三季报,60.68亿|2025半年报,27.45亿|2025一季报,68.58亿|2024年报,0.020,3.91,3.84,1.03,0.95,1.27亿,4.94亿,2.44,2.1145,719.91亿,482.21亿,1000002436,False
172,600011,华能国际,SH,7.00,0.72,7.63,42.17|2025年报,-,144.10亿|2025年报,148.41亿|2025三季报,92.62亿|2025半年报,49.73亿|2025一季报,101.35亿|2024年报,-,195.05亿|2025年报,194.36亿|2025三季报,123.07亿|2025半年报,69.59亿|2025一季报,141.10亿|2024年报,0.050,7.04,6.90,0.71,0.99,7824.72万,5.46亿,1.91,1.6924,1098.87亿,769.84亿,1000002250,False
173,601628,中国人寿,SH,37.70,-0.19,6.92,44.09|2025年报,-,1540.78亿|2025年报,1678.04亿|2025三季报,409.31亿|2025半年报,288.02亿|2025一季报,1069.35亿|2024年报,-,1565.52亿|2025年报,1697.80亿|2025三季报,419.56亿|2025半年报,292.73亿|2025一季报,1089.40亿|2024年报,-0.070,38.31,37.61,0.08,0.77,1648.34万,6.25亿,1.73,1.7903,1.07万亿,7850.47亿,1000002664,False
174,002948,青岛银行,SZ,5.21,0.58,5.85,21.66|2025年报,-,51.88亿|2025年报,39.92亿|2025三季报,30.65亿|2025半年报,12.58亿|2025一季报,42.64亿|2024年报,-,53.57亿|2025年报,41.25亿|2025三季报,31.52亿|2025半年报,13.02亿|2025一季报,44.05亿|2024年报,0.030,5.23,5.16,0.85,0.60,2653.44万,1.38亿,1.46,0.7438,303.24亿,162.16亿,1000863715,False
175,601336,新华保险,SH,61.66,-0.80,5.30,38.34|2025年报,-,362.84亿|2025年报,328.57亿|2025三季报,147.99亿|2025半年报,58.82亿|2025一季报,262.29亿|2024年报,-,362.89亿|2025年报,328.61亿|2025三季报,148.01亿|2025半年报,58.83亿|2025一季报,262.33亿|2024年报,-0.500,62.70,61.40,0.81,0.80,1689.66万,10.49亿,1.33,1.7244,1923.51亿,1285.88亿,1000002881,False
176,600841,动力新科,SH,9.11,-2.15,4.40,243.67|2025年报,-,28.72亿|2025年报,-3.50亿|2025三季报,-3.01亿|2025半年报,-2.10亿|2025一季报,-19.99亿|2024年报,-,28.72亿|2025年报,-3.50亿|2025三季报,-3.01亿|2025半年报,-2.10亿|2025一季报,-19.99亿|2024年报,-0.200,9.58,9.08,2.93,0.76,3055.38万,2.84亿,1.10,1.9813,126.43亿,95.02亿,1000004123,False
177,000736,*ST中地,SZ,5.23,-3.51,-0.73,66.99|2025年报,-,-17.10亿|2025年报,-16.60亿|2025三季报,-11.80亿|2025半年报,-4.93亿|2025一季报,-51.79亿|2024年报,-,-19.53亿|2025年报,-19.01亿|2025三季报,-13.99亿|2025半年报,-6.38亿|2025一季报,-63.96亿|2024年报,-0.190,5.41,5.15,2.45,2.99,1828.60万,9581.71万,-0.57,3.2335,39.07亿,39.07亿,1000009116,False
178,000761,本钢板材,SZ,3.00,-2.28,-3.13,21.74|2025年报,-,-39.42亿|2025年报,-22.16亿|2025三季报,-13.99亿|2025半年报,-7.66亿|2025一季报,-50.37亿|2024年报,-,-38.55亿|2025年报,-21.64亿|2025三季报,-13.67亿|2025半年报,-7.47亿|2025一季报,-49.60亿|2024年报,-0.070,3.08,2.98,0.38,0.76,1391.58万,4206.13万,-0.78,1.7637,123.25亿,111.25亿,1000000304,False
179,000898,鞍钢股份,SZ,2.33,-0.43,-5.37,42.88|2025年报,-,-40.68亿|2025年报,-20.40亿|2025三季报,-11.44亿|2025半年报,-5.54亿|2025一季报,-71.22亿|2024年报,-,-39.93亿|2025年报,-19.85亿|2025三季报,-11.14亿|2025半年报,-5.41亿|2025一季报,-70.94亿|2024年报,-0.010,2.36,2.32,0.37,0.75,2910.46万,6808.64万,-1.34,0.4975,218.30亿,185.41亿,1000009234,False
180,300268,*ST佳沃,SZ,14.23,0.42,-5.80,53.78|2025年报,-,-4.27亿|2025年报,-4.23亿|2025三季报,-4.19亿|2025半年报,-1.81亿|2025一季报,-9.24亿|2024年报,-,-4.80亿|2025年报,-4.74亿|2025三季报,-4.72亿|2025半年报,-2.01亿|2025一季报,-10.75亿|2024年报,0.060,14.45,14.12,0.85,1.12,113.99万,1629.72万,-1.45,-2.4181,24.79亿,19.03亿,1000009881,False
181,002742,*ST三圣,SZ,4.64,-0.85,-7.56,35.45|2025年报,-,-4.20亿|2025年报,-1.78亿|2025三季报,-1.31亿|2025半年报,-8237.76万|2025一季报,-6.50亿|2024年报,-,-4.59亿|2025年报,-1.79亿|2025三季报,-1.31亿|2025半年报,-8475.48万|2025一季报,-6.50亿|2024年报,-0.040,4.70,4.60,0.67,0.75,352.63万,1640.91万,-1.89,18.8515,31.74亿,24.31亿,1000305971,False
182,002519,银河电子,SZ,8.45,5.23,-10.98,87.78|2025年报,-,-8367.52万|2025年报,-4015.63万|2025三季报,-2881.68万|2025半年报,-1628.55万|2025一季报,-6.85亿|2024年报,-,-8435.11万|2025年报,-4081.59万|2025三季报,-2940.03万|2025半年报,-1661.85万|2025一季报,-6.88亿|2024年报,0.420,8.63,7.98,14.46,2.37,1.62亿,13.47亿,-28.44,4.2950,95.18亿,94.44亿,1000007999,False
183,000553,安道麦A,SZ,6.20,-2.05,-13.81,63.98|2025年报,-,-10.46亿|2025年报,-4.23亿|2025三季报,-8035.20万|2025半年报,1.51亿|2025一季报,-29.03亿|2024年报,-,-10.46亿|2025年报,-4.23亿|2025三季报,-8035.20万|2025半年报,1.51亿|2025一季报,-29.03亿|2024年报,-0.130,6.39,6.18,0.39,0.62,852.14万,5306.23万,-3.45,0.8219,144.45亿,134.98亿,1000002318,False
184,002759,天际股份,SZ,36.21,-6.96,-14.37,106.04|2025年报,-,8218.13万|2025年报,-1.01亿|2025三季报,-5236.08万|2025半年报,-2187.00万|2025一季报,-13.61亿|2024年报,-,1.50亿|2025年报,-1.14亿|2025三季报,-5348.07万|2025半年报,-1813.39万|2025一季报,-14.42亿|2024年报,-2.710,39.00,36.00,17.11,1.48,8571.27万,31.78亿,55.23,5.5234,181.55亿,181.39亿,1000313049,False
185,600590,泰豪科技,SH,14.22,-5.77,-16.35,106.11|2025年报,-,6053.71万|2025年报,4901.14万|2025三季报,1.05亿|2025半年报,3473.76万|2025一季报,-9.91亿|2024年报,-,1.01亿|2025年报,9070.77万|2025三季报,1.30亿|2025半年报,6197.50万|2025一季报,-9.41亿|2024年报,-0.870,15.30,14.15,8.98,1.07,7573.94万,11.12亿,50.08,3.7921,121.28亿,119.96亿,1000000583,False
186,000566,海南海药,SZ,5.47,2.05,-16.50,71.81|2025年报,-,-4.30亿|2025年报,-2.42亿|2025三季报,-1.58亿|2025半年报,-6836.55万|2025一季报,-15.25亿|2024年报,-,-4.56亿|2025年报,-2.63亿|2025三季报,-1.72亿|2025半年报,-7628.49万|2025一季报,-15.95亿|2024年报,0.110,5.54,5.36,3.15,1.13,4080.32万,2.22亿,-4.13,86.7822,70.97亿,70.93亿,1000009004,False
187,688373,盟科药业-U,SH,6.36,2.09,-17.27,45.18|2025年报,-,-2.42亿|2025年报,-1.94亿|2025三季报,-1.39亿|2025半年报,-6163.25万|2025一季报,-4.41亿|2024年报,-,-2.42亿|2025年报,-1.94亿|2025三季报,-1.39亿|2025半年报,-6163.25万|2025一季报,-4.41亿|2024年报,0.130,6.40,6.20,2.86,1.60,1734.59万,1.10亿,-4.32,20.0026,41.74亿,38.52亿,1002676043,False
188,002865,钧达股份,SZ,72.96,2.56,-17.53,113.38|2026一季报,1416.36万|2026一季报,-14.16亿|2025年报,-4.19亿|2025三季报,-2.64亿|2025半年报,-1.06亿|2025一季报,-,1348.17万|2026一季报,-14.16亿|2025年报,-4.19亿|2025三季报,-2.64亿|2025半年报,-1.06亿|2025一季报,-,1.820,76.96,72.08,12.39,1.60,2785.17万,20.64亿,400.85,5.6370,227.10亿,164.06亿,1000326748,False
189,300385,ST雪浪,SZ,13.72,0.00,-19.70,50.02|2025年报,-,-2.32亿|2025年报,-1.58亿|2025三季报,-1.00亿|2025半年报,-4680.36万|2025一季报,-4.64亿|2024年报,-,-2.35亿|2025年报,-1.60亿|2025三季报,-1.02亿|2025半年报,-4772.87万|2025一季报,-4.70亿|2024年报,0.000,14.57,13.54,14.13,1.01,4107.95万,5.74亿,-4.92,146.0919,45.71亿,39.88亿,1000012314,False
190,603123,翠微股份,SH,12.60,-3.00,-20.94,30.01|2025年报,-,-4.81亿|2025年报,-3.11亿|2025三季报,-2.03亿|2025半年报,-8192.90万|2025一季报,-6.87亿|2024年报,-,-4.86亿|2025年报,-3.16亿|2025三季报,-2.07亿|2025半年报,-8433.11万|2025一季报,-6.98亿|2024年报,-0.390,12.99,12.53,6.15,0.47,4011.78万,5.09亿,-5.23,6.0646,100.64亿,82.19亿,1000008005,False
191,300983,尤安设计,SZ,29.08,0.38,-25.85,61.16|2025年报,-,-8556.59万|2025年报,-1784.28万|2025三季报,-1176.31万|2025半年报,-28.83万|2025一季报,-2.20亿|2024年报,-,-8593.55万|2025年报,-1838.85万|2025三季报,-1190.20万|2025半年报,-45.25万|2025一季报,-2.21亿|2024年报,0.110,29.40,28.66,0.60,0.66,64.15万,1856.14万,-14.68,1.8163,50.25亿,31.05亿,1002296923,False
192,603007,*ST花王,SH,6.74,-2.46,-26.14,71.96|2025年报,-,-2.28亿|2025年报,-3899.29万|2025三季报,-3625.65万|2025半年报,-1048.98万|2025一季报,-8.13亿|2024年报,-,-2.13亿|2025年报,-3628.08万|2025三季报,-3635.02万|2025半年报,-1054.01万|2025一季报,-8.32亿|2024年报,-0.170,6.91,6.70,2.69,1.32,1868.48万,1.27亿,-6.54,19.2371,59.63亿,46.85亿,1000320586,False
193,600719,大连热电,SH,6.66,-1.33,-28.45,35.10|2025年报,-,-9471.42万|2025年报,-1.13亿|2025三季报,-4068.91万|2025半年报,5975.19万|2025一季报,-1.46亿|2024年报,-,-9471.42万|2025年报,-1.13亿|2025三季报,-4068.91万|2025半年报,5975.19万|2025一季报,-1.46亿|2024年报,-0.090,6.80,6.65,2.06,0.61,835.02万,5580.07万,-7.11,8.7823,26.95亿,26.95亿,1000002076,False
194,300552,万集科技,SZ,26.06,-2.18,-30.67,53.10|2025年报,-,-1.81亿|2025年报,-1.16亿|2025三季报,-1.00亿|2025半年报,-5124.68万|2025一季报,-3.86亿|2024年报,-,-1.74亿|2025年报,-1.12亿|2025三季报,-9856.60万|2025半年报,-4885.32万|2025一季报,-3.85亿|2024年报,-0.580,26.80,25.98,3.58,0.89,483.40万,1.28亿,-7.67,3.1521,55.54亿,35.20亿,1000309218,False
195,000430,ST张家界,SZ,8.08,3.72,-30.84,1079.33|2026一季报,3.06亿|2026一季报,-5.49亿|2025年报,-2239.65万|2025三季报,-3327.14万|2025半年报,-3124.75万|2025一季报,-,3.06亿|2026一季报,-5.49亿|2025年报,-2239.65万|2025三季报,-3327.14万|2025半年报,-3124.75万|2025一季报,-,0.290,8.18,7.71,6.20,3.77,2296.68万,1.85亿,5.34,3.5998,65.42亿,29.94亿,1000004062,False
196,300323,华灿光电,SZ,9.88,-1.00,-36.60,28.32|2025年报,-,-4.38亿|2025年报,-1.96亿|2025三季报,-1.15亿|2025半年报,-9763.83万|2025一季报,-6.11亿|2024年报,-,-4.38亿|2025年报,-1.96亿|2025三季报,-1.15亿|2025半年报,-9763.83万|2025一季报,-6.11亿|2024年报,-0.100,10.15,9.83,4.16,0.79,4945.16万,4.95亿,-9.15,2.4426,160.35亿,117.34亿,1000009093,False
197,002527,新时达,SZ,13.34,-4.24,-36.65,101.91|2025年报,-,550.77万|2025年报,434.62万|2025三季报,186.54万|2025半年报,-813.18万|2025一季报,-2.88亿|2024年报,-,562.15万|2025年报,446.26万|2025三季报,194.20万|2025半年报,-809.78万|2025一季报,-2.88亿|2024年报,-0.590,13.95,13.30,2.74,2.27,1448.24万,1.96亿,401.49,7.0624,88.45亿,70.55亿,1000008372,False
198,300410,正业科技,SZ,8.98,1.70,-38.20,116.46|2025年报,-,3677.58万|2025年报,2304.12万|2025三季报,1624.71万|2025半年报,950.79万|2025一季报,-2.23亿|2024年报,-,3316.78万|2025年报,2128.80万|2025三季报,1515.32万|2025半年报,906.78万|2025一季报,-2.57亿|2024年报,0.150,9.15,8.74,7.03,1.63,2580.84万,2.31亿,22.41,12.5352,32.97亿,32.97亿,1000314436,False
199,002168,*ST惠程,SZ,4.20,0.96,-41.68,47.15|2025年报,-,-7901.84万|2025年报,-4321.67万|2025三季报,-3166.66万|2025半年报,-1684.78万|2025一季报,-1.50亿|2024年报,-,-6159.08万|2025年报,-2956.46万|2025三季报,-2527.19万|2025半年报,-1427.84万|2025一季报,-1.52亿|2024年报,0.040,4.23,4.16,0.87,0.85,678.50万,2841.76万,-10.42,205.9715,32.93亿,32.93亿,1000006090,False
200,600203,福日电子,SH,11.45,-0.09,-41.70,87.38|2025年报,-,-4850.57万|2025年报,8736.24万|2025三季报,2208.44万|2025半年报,-4028.55万|2025一季报,-3.84亿|2024年报,-,-3885.84万|2025年报,1.00亿|2025三季报,3277.98万|2025半年报,-3470.01万|2025一季报,-3.97亿|2024年报,-0.010,11.68,11.40,2.89,1.26,1712.90万,1.98亿,-34.99,4.2412,67.90亿,67.90亿,1000000438,False
