序号,代码,名称,市场代码简称,最新价(元) 2026.04.16,涨跌幅(%) 2026.04.16,量比 2026.04.16,换手率(%) 2026.04.16,涨跌额(元) 2026.04.16,最高价(元) 2026.04.16,最低价(元) 2026.04.16,成交量(股) 2026.04.16,成交额(元) 2026.04.16,市盈率(动)(倍) 2026.04.16,市净率(倍) 2026.04.16,总市值(元) 2026.04.16,流通市值(元) 2026.04.16,CHOICE_INNER_CODE,CHG<70>{2026-04-16},IN_OPTIONAL
1,920249,利尔达,BJ,9.77,23.83,5.54,28.95,1.880,10.25,8.03,3608.80万,3.41亿,24.33,5.4033,41.19亿,12.18亿,1000392582,23.83,False
2,300027,华谊兄弟,SZ,2.09,20.11,2.82,15.60,0.350,2.09,2.00,3.88亿,8.07亿,-12.73,22.0337,57.99亿,51.94亿,1000008230,20.11,False
3,300798,锦鸡股份,SZ,13.42,20.04,1.90,21.41,2.240,13.42,11.08,8167.10万,9.99亿,-103.34,3.7448,62.92亿,51.19亿,1001247925,20.04,False
4,301148,嘉戎技术,SZ,60.23,20.00,6.33,14.97,10.040,60.23,50.19,881.46万,5.12亿,34.27,3.9884,70.17亿,35.46亿,1002348646,20.00,False
5,301603,乔锋智能,SZ,90.41,20.00,5.66,32.64,15.070,90.41,79.20,1231.54万,10.66亿,9.87,4.5613,109.18亿,34.11亿,1003128351,20.00,False
6,688227,品高股份,SH,84.47,20.00,2.82,6.89,14.080,84.47,69.42,779.02万,6.07亿,-72.70,7.5279,95.50亿,95.50亿,1002288876,20.00,False
7,688668,鼎通科技,SH,207.23,20.00,1.92,9.46,34.540,207.23,176.50,1317.29万,25.88亿,89.82,14.0289,288.61亿,288.61亿,1002227735,20.00,False
8,300736,百邦科技,SZ,23.78,19.98,2.41,18.70,3.960,23.78,19.24,2338.69万,5.21亿,-44.24,35.5782,30.42亿,29.75亿,1000576702,19.98,False
9,688287,*ST观典,SH,2.35,19.90,2.53,17.24,0.390,2.35,2.05,6387.70万,1.43亿,-3.02,1.3934,8.71亿,8.71亿,1002747223,19.90,False
10,301382,蜂助手,SZ,40.49,15.69,6.91,30.11,5.490,42.00,36.88,5308.70万,21.27亿,21.50,6.2423,115.64亿,71.38亿,1002424569,15.69,False
11,301282,金禄电子,SZ,45.45,15.06,1.54,24.31,5.950,45.70,38.80,2857.96万,12.11亿,19.00,3.9986,68.69亿,53.44亿,1002483904,15.06,False
12,300290,荣科科技,SZ,16.39,15.02,6.04,14.82,2.140,17.10,14.24,9476.89万,15.30亿,-82.72,13.5106,104.85亿,104.82亿,1000008104,15.02,False
13,300088,长信科技,SZ,7.77,14.10,6.32,30.35,0.960,8.17,6.82,7.54亿,58.11亿,16.99,2.2209,194.07亿,193.12亿,1000008059,14.10,False
14,300587,天铁科技,SZ,5.93,14.04,3.69,6.84,0.730,6.04,5.18,7195.11万,4.07亿,-33.19,3.2129,76.99亿,62.38亿,1000371141,14.04,False
15,300857,协创数据,SZ,319.00,13.65,1.58,9.80,38.310,320.92,282.00,3372.43万,102.63亿,23.71,25.8389,1104.13亿,1097.33亿,1001867298,13.65,False
16,300938,信测标准,SZ,51.19,12.38,2.32,14.74,5.640,54.66,44.67,3114.96万,15.50亿,15.87,6.6887,124.65亿,108.19亿,1000326705,12.38,False
17,301086,鸿富瀚,SZ,164.61,12.31,1.53,8.28,18.040,164.87,145.48,388.42万,6.08亿,36.50,7.5903,148.15亿,77.24亿,1002412428,12.31,False
18,301548,崇德科技,SZ,79.20,12.18,2.21,12.67,8.600,79.76,70.29,332.28万,2.49亿,16.88,4.5637,68.90亿,20.78亿,1002892095,12.18,False
19,301030,仕净科技,SZ,11.40,12.09,4.33,11.68,1.230,11.88,10.15,2360.51万,2.62亿,-2.56,2.7431,23.07亿,23.04亿,1002196464,12.09,False
20,300853,申昊科技,SZ,23.55,11.88,3.08,12.55,2.500,23.64,20.82,1233.36万,2.82亿,-6.71,5.6724,34.61亿,23.15亿,1001016827,11.88,False
21,688159,有方科技,SH,47.84,11.85,3.98,11.16,5.070,50.00,42.73,1035.08万,4.86亿,13.32,4.9452,44.45亿,44.36亿,1001016832,11.85,False
22,300270,中威电子,SZ,11.45,11.71,5.20,9.43,1.200,11.66,10.20,2461.14万,2.73亿,-20.01,6.1513,34.67亿,29.88亿,1000009892,11.71,False
23,300351,永贵电器,SZ,17.85,11.56,5.76,16.05,1.850,18.15,16.05,4228.41万,7.34亿,27.77,2.8265,69.42亿,47.02亿,1000013412,11.56,False
24,688500,慧辰股份,SH,53.66,11.56,4.27,6.80,5.560,54.75,48.15,498.65万,2.62亿,-23.40,5.5794,40.40亿,39.34亿,1001860442,11.56,False
25,300352,北信源,SZ,7.81,11.41,2.01,10.02,0.800,7.85,6.96,1.28亿,9.46亿,-17.04,9.1896,113.23亿,99.70亿,1000011877,11.41,False
26,301369,联动科技,SZ,173.82,11.20,1.52,8.42,17.510,176.90,156.00,306.19万,5.24亿,91.40,8.1140,122.67亿,63.21亿,1002399121,11.20,False
27,688678,福立旺,SH,29.20,10.86,2.30,11.70,2.860,29.80,26.56,3368.21万,9.48亿,38.07,3.7780,84.08亿,84.08亿,1002248726,10.86,False
28,300738,奥飞数据,SZ,25.94,10.85,2.44,15.97,2.540,25.97,23.52,1.57亿,39.31亿,43.93,7.2738,255.56亿,255.48亿,1000873383,10.85,False
29,688685,迈信林,SH,45.20,10.68,2.36,5.74,4.360,45.68,40.06,843.55万,3.67亿,29.45,7.8981,66.38亿,66.38亿,1002288889,10.68,False
30,301580,爱迪特,SZ,76.34,10.33,2.27,13.04,7.150,79.60,68.11,938.91万,6.89亿,14.37,3.9025,81.35亿,54.98亿,1003057582,10.33,False
31,301091,深城交,SZ,23.73,10.27,4.04,3.77,2.210,24.61,21.36,1986.49万,4.63亿,72.63,5.2851,125.12亿,125.12亿,1002320931,10.27,False
32,300163,先锋新材,SZ,5.05,10.26,3.51,13.36,0.470,5.07,4.52,6062.37万,2.95亿,6.17,4.0787,23.94亿,22.92亿,1000007872,10.26,False
33,300858,科拓生物,SZ,23.50,10.17,2.05,20.44,2.170,24.16,19.68,4001.22万,8.72亿,20.31,3.3906,61.92亿,46.00亿,1001643974,10.17,False
34,300684,中石科技,SZ,59.64,10.12,2.51,13.15,5.480,60.22,53.40,2687.20万,15.49亿,17.74,8.5278,178.63亿,121.85亿,1000413975,10.12,False
35,300911,亿田智能,SZ,36.16,10.08,1.72,7.44,3.310,37.37,32.68,1275.44万,4.53亿,-14.95,5.6488,66.29亿,61.96亿,1002039991,10.08,False
36,601778,晶科科技,SH,6.66,10.08,2.10,20.97,0.610,6.66,6.20,7.49亿,49.00亿,16.72,1.5031,237.93亿,237.93亿,1001722692,10.08,False
37,300953,震裕科技,SZ,207.86,10.07,1.57,10.67,19.020,212.77,193.67,1329.48万,27.00亿,21.88,8.1671,360.59亿,258.91亿,1000602809,10.07,False
38,000571,新大洲A,SZ,5.69,10.06,1.51,3.29,0.520,5.69,5.15,2676.26万,1.47亿,-11.69,33.6498,47.75亿,46.32亿,1000002370,10.06,False
39,600719,大连热电,SH,7.33,10.06,2.41,7.84,0.670,7.33,6.57,3172.98万,2.24亿,-7.83,9.6658,29.66亿,29.66亿,1000002076,10.06,False
40,000782,恒申新材,SZ,5.81,10.04,1.64,3.89,0.530,5.81,5.32,2053.53万,1.17亿,-17.48,2.3202,39.89亿,30.68亿,1000000415,10.04,False
41,002613,北玻股份,SZ,4.17,10.03,2.89,10.67,0.380,4.17,3.75,8242.51万,3.36亿,108.00,2.1013,45.89亿,32.20亿,1000008085,10.03,False
42,600961,株冶集团,SH,20.08,10.03,1.67,3.55,1.830,20.08,18.55,2668.84万,5.28亿,6.28,5.8790,215.43亿,150.96亿,1000002188,10.03,False
43,002468,申通快递,SZ,18.03,10.01,6.36,8.75,1.640,18.03,17.20,1.28亿,23.08亿,9.13,2.5270,276.00亿,264.54亿,1000007945,10.01,False
44,002875,安奈儿,SZ,20.99,10.01,3.90,9.96,1.910,20.99,18.98,1817.75万,3.73亿,-17.82,6.9596,44.71亿,38.29亿,1000472472,10.01,False
45,600549,厦门钨业,SH,61.88,10.01,1.90,6.38,5.630,61.88,55.80,9918.94万,59.08亿,13.78,5.7123,982.40亿,961.57亿,1000001555,10.01,False
46,603322,超讯通信,SH,36.26,10.01,3.99,12.10,3.300,36.26,32.97,1906.19万,6.78亿,23.86,19.8331,57.14亿,57.14亿,1000327153,10.01,False
47,603933,睿能科技,SH,24.95,10.01,1.55,10.53,2.270,24.95,22.38,2186.21万,5.22亿,31.77,3.9237,51.78亿,51.78亿,1000614627,10.01,False
48,000657,中钨高新,SZ,51.90,10.00,1.52,8.58,4.720,51.90,45.60,1.25亿,61.31亿,34.95,12.1647,1182.60亿,754.07亿,1000004203,10.00,False
49,001230,劲旅环境,SZ,27.72,10.00,2.56,6.69,2.520,27.72,25.02,525.20万,1.41亿,7.44,1.9398,37.18亿,21.78亿,1002674517,10.00,False
50,001268,联合精密,SZ,31.34,10.00,2.80,4.45,2.850,31.34,28.64,280.10万,8624.55万,14.20,3.2947,33.83亿,19.72亿,1002650676,10.00,False
51,002209,达 意 隆,SZ,16.50,10.00,2.85,7.11,1.500,16.50,14.92,1111.55万,1.76亿,7.95,4.0003,32.84亿,25.79亿,1000007208,10.00,False
52,002859,洁美科技,SZ,46.33,10.00,2.04,3.95,4.210,46.33,42.12,1603.15万,7.23亿,28.39,6.7985,199.79亿,188.05亿,1000495808,10.00,False
53,600507,方大特钢,SH,6.05,10.00,4.55,4.01,0.550,6.05,5.54,9268.88万,5.48亿,3.71,1.3783,139.95亿,139.95亿,1000001146,10.00,False
54,600847,万里股份,SH,14.63,10.00,2.31,5.86,1.330,14.63,13.23,899.00万,1.28亿,-16.91,4.3590,22.43亿,22.43亿,1000004132,10.00,False
55,002237,恒邦股份,SZ,16.51,9.99,2.61,5.12,1.500,16.51,15.10,5851.71万,9.36亿,8.93,1.7760,227.74亿,188.51亿,1000008718,9.99,False
56,002297,博云新材,SZ,16.08,9.99,9.05,22.64,1.460,16.08,15.93,1.30亿,20.86亿,37.25,4.3319,92.16亿,92.16亿,1000007094,9.99,False
57,002757,南兴股份,SZ,22.79,9.99,3.19,10.32,2.070,22.79,20.77,2910.35万,6.44亿,18.33,3.3733,67.33亿,64.28亿,1000304177,9.99,False
58,002802,洪汇新材,SZ,14.87,9.99,2.23,7.91,1.350,14.87,13.52,1184.59万,1.71亿,21.93,4.2586,26.95亿,22.26亿,1000303918,9.99,False
59,600875,东方电气,SH,42.04,9.99,1.52,6.72,3.820,42.04,38.87,1.52亿,62.64亿,9.49,3.2141,1453.89亿,951.52亿,1000004047,9.99,False
60,603220,中贝通信,SH,31.93,9.99,1.97,20.44,2.900,31.93,28.73,8874.98万,27.14亿,50.34,4.4117,171.26亿,138.66亿,1001030436,9.99,False
61,002333,罗普斯金,SZ,6.39,9.98,4.36,9.22,0.580,6.39,5.71,6141.96万,3.78亿,24.51,2.2533,43.13亿,42.59亿,1000008348,9.98,False
62,603032,德新科技,SH,22.15,9.98,2.79,13.68,2.010,22.15,20.00,3169.90万,6.79亿,30.35,4.5212,51.66亿,51.31亿,1000413976,9.98,False
63,603687,大胜达,SH,19.84,9.98,2.29,28.77,1.800,19.84,18.66,1.58亿,31.22亿,30.00,3.3483,109.13亿,109.13亿,1001247940,9.98,False
64,605166,聚合顺,SH,11.13,9.98,2.42,4.24,1.010,11.13,10.13,1333.37万,1.44亿,6.05,1.7928,35.03亿,35.03亿,1001838974,9.98,False
65,605336,帅丰电器,SH,15.65,9.98,2.12,4.76,1.420,15.65,13.94,873.25万,1.32亿,243.62,1.5354,28.70亿,28.70亿,1001893737,9.98,False
66,600284,浦东建设,SH,7.50,9.97,4.97,4.54,0.680,7.50,6.79,4401.39万,3.15亿,5.15,0.9181,72.77亿,72.77亿,1000002286,9.97,False
67,603878,武进不锈,SH,8.27,9.97,2.64,4.21,0.750,8.27,7.51,2361.88万,1.87亿,13.37,1.7671,46.41亿,46.41亿,1000317653,9.97,False
68,002033,丽江股份,SZ,10.93,9.96,4.14,19.49,0.990,10.93,9.81,1.07亿,11.04亿,7.03,2.3470,60.06亿,60.06亿,1000002186,9.96,False
69,605388,均瑶健康,SH,8.06,9.96,4.10,9.96,0.730,8.06,7.09,5978.26万,4.64亿,-510.79,2.8210,48.40亿,48.40亿,1001867288,9.96,False
70,000570,苏常柴Ａ,SZ,6.74,9.95,2.47,10.78,0.610,6.74,6.10,5991.22万,3.88亿,23.40,1.3814,47.56亿,37.45亿,1000002368,9.95,False
71,002421,达实智能,SZ,2.90,9.85,1.65,6.22,0.260,2.90,2.64,1.25亿,3.55亿,-3.71,2.0704,61.50亿,58.19亿,1000008265,9.85,False
72,301309,万得凯,SZ,35.40,9.70,1.65,13.20,3.130,36.20,31.52,799.71万,2.73亿,10.64,2.2001,35.59亿,21.45亿,1002674592,9.70,False
73,300604,长川科技,SZ,154.09,9.12,1.51,6.28,12.880,154.51,141.22,3075.24万,46.18亿,28.24,22.3953,977.58亿,754.23亿,1000614632,9.12,False
74,688548,广钢气体,SH,26.01,9.01,1.95,5.42,2.150,26.25,23.82,3743.39万,9.44亿,42.77,5.7206,343.18亿,179.78亿,1003338700,9.01,False
75,301345,涛涛车业,SZ,241.67,8.99,2.13,9.10,19.930,246.48,222.69,318.82万,7.60亿,8.07,7.2791,263.54亿,84.66亿,1002315746,8.99,False
76,301636,泽润新能,SZ,77.37,8.99,2.55,39.62,6.380,80.89,69.33,632.69万,4.80亿,23.33,4.5785,49.41亿,12.35亿,1003492627,8.99,False
77,300689,澄天伟业,SZ,51.69,8.98,3.19,6.42,4.260,54.50,47.24,649.48万,3.33亿,120.26,8.6523,59.75亿,52.30亿,1000730077,8.98,False
78,300231,银信科技,SZ,11.68,8.96,1.88,11.00,0.960,11.76,10.72,4886.08万,5.55亿,24.62,3.1925,51.89亿,51.89亿,1000009308,8.96,False
79,300491,通合科技,SZ,27.75,8.95,1.87,11.17,2.280,28.05,25.53,1742.33万,4.71亿,30.35,4.0439,48.75亿,43.29亿,1000303904,8.95,False
80,301012,扬电科技,SZ,32.82,8.75,2.91,12.95,2.640,33.55,29.90,2550.27万,8.21亿,46.60,5.5428,64.64亿,64.64亿,1002306643,8.75,False
81,300696,爱乐达,SZ,34.26,8.56,1.75,6.49,2.700,35.00,31.55,1725.60万,5.87亿,53.71,5.3070,100.43亿,91.09亿,1000734433,8.56,False
82,300214,日科化学,SZ,8.02,8.53,3.01,6.61,0.630,8.08,7.42,3074.65万,2.40亿,232.09,1.5398,37.29亿,37.29亿,1000007981,8.53,False
83,688479,友车科技,SH,35.28,8.49,2.19,7.12,2.760,36.13,32.54,443.66万,1.56亿,62.45,2.7184,50.92亿,21.99亿,1002451390,8.49,False
84,300687,赛意信息,SZ,20.58,8.43,4.42,6.79,1.600,21.29,19.00,2235.24万,4.52亿,76.09,3.0412,84.05亿,67.73亿,1000721965,8.43,False
85,688802,沐曦股份-U,SH,736.74,8.36,2.21,26.20,56.840,736.74,665.70,475.17万,33.78亿,-373.39,22.3896,2947.70亿,133.64亿,1004296973,8.36,False
86,920493,并行科技,BJ,160.99,8.35,2.28,8.95,12.400,162.35,148.68,392.08万,6.14亿,196.69,21.5736,96.13亿,70.51亿,1000658962,8.35,False
87,301283,聚胶股份,SZ,49.90,8.10,4.18,5.56,3.740,50.69,47.15,351.64万,1.72亿,5.25,2.3702,40.13亿,31.58亿,1002618220,8.10,False
88,301002,崧盛股份,SZ,40.52,8.02,2.20,8.61,3.010,40.90,37.60,718.11万,2.86亿,195.83,5.1736,54.08亿,33.78亿,1002218872,8.02,False
89,301360,荣旗科技,SZ,81.00,8.00,2.74,12.80,6.000,81.00,75.63,325.89万,2.59亿,206.81,3.7377,43.21亿,20.62亿,1002684292,8.00,False
90,600338,西藏珠峰,SH,20.51,8.00,1.85,13.25,1.520,20.58,19.17,1.21亿,24.36亿,10.74,4.3031,187.50亿,187.50亿,1000001972,8.00,False
91,603129,春风动力,SH,275.19,7.97,4.42,3.29,20.310,278.78,244.33,505.10万,13.50亿,24.98,5.2769,422.37亿,422.37亿,1000689522,7.97,False
92,301040,中环海陆,SZ,34.88,7.95,1.66,12.45,2.570,35.19,31.91,1175.28万,3.99亿,-13.19,4.7735,34.88亿,32.91亿,1002299867,7.95,False
93,301328,维峰电子,SZ,59.16,7.92,2.27,3.63,4.340,59.99,54.84,398.89万,2.29亿,19.92,3.3462,65.01亿,65.01亿,1002669707,7.92,False
94,300866,安克创新,SZ,120.68,7.89,1.62,4.19,8.830,120.88,112.00,1287.43万,15.17亿,6.36,6.1487,647.04亿,371.12亿,1001855434,7.89,False
95,920809,安达科技,BJ,8.13,7.82,2.10,8.93,0.590,8.26,7.63,4098.11万,3.28亿,-5.01,3.1114,48.70亿,37.33亿,1000322002,7.82,False
96,300322,硕贝德,SZ,31.26,7.79,3.02,23.48,2.260,32.28,28.31,1.03亿,31.79亿,55.58,14.2515,143.81亿,137.68亿,1000009418,7.79,False
97,001339,智微智能,SZ,72.65,7.76,1.85,11.56,5.230,72.98,67.49,1380.76万,9.81亿,34.99,8.1384,183.27亿,86.75亿,1002686336,7.76,False
98,688365,光云科技,SH,19.88,7.75,1.62,5.69,1.430,20.17,18.41,2424.58万,4.70亿,-140.79,8.9632,84.65亿,84.65亿,1001828873,7.75,False
99,600382,广东明珠,SH,10.05,7.72,1.74,6.14,0.720,10.20,9.20,4265.74万,4.19亿,7.46,2.5733,69.79亿,69.79亿,1000001005,7.72,False
100,603698,航天工程,SH,42.58,7.72,2.51,13.05,3.050,43.30,38.19,6996.14万,29.04亿,26.35,6.5718,228.22亿,228.22亿,1000305470,7.72,False
101,301157,华塑科技,SZ,79.50,7.68,2.10,37.39,5.670,81.69,73.40,772.48万,6.04亿,62.63,4.3600,47.70亿,16.42亿,1002649281,7.68,False
102,603399,永杉锂业,SH,12.97,7.63,1.77,17.43,0.920,13.26,12.05,8931.41万,11.47亿,-10.18,4.0064,66.44亿,66.44亿,1000010300,7.63,False
103,002624,完美世界,SZ,20.78,7.61,1.74,6.65,1.470,21.24,19.07,1.22亿,24.73亿,15.14,5.6916,403.13亿,379.80亿,1000008429,7.61,False
104,002378,章源钨业,SZ,32.39,7.47,2.41,9.24,2.250,33.08,29.73,1.10亿,35.03亿,51.17,16.6547,389.14亿,387.10亿,1000008326,7.47,False
105,300657,弘信电子,SZ,35.25,7.47,1.71,13.34,2.450,36.27,32.80,6251.68万,21.71亿,46.94,13.5080,169.95亿,165.15亿,1000361230,7.47,False
106,600986,浙文互联,SH,10.98,7.44,1.55,19.39,0.760,11.24,10.33,2.88亿,31.39亿,47.74,3.1512,163.31亿,163.31亿,1000002345,7.44,False
107,300277,汽轮科技,SZ,20.01,7.41,1.64,7.59,1.380,20.33,18.68,5825.01万,11.50亿,1931.22,2.6447,303.47亿,153.61亿,1000008159,7.41,False
108,000610,西安旅游,SZ,9.65,7.34,3.40,17.55,0.660,9.86,8.72,4133.35万,3.86亿,-7.11,14.6130,22.85亿,22.73亿,1000004169,7.34,False
109,605090,九丰能源,SH,42.71,7.31,2.27,4.98,2.910,43.32,39.91,3507.25万,14.59亿,6.07,2.7163,301.31亿,300.72亿,1001592022,7.31,False
110,300245,天玑科技,SZ,14.42,7.29,1.75,13.88,0.980,14.42,13.52,4223.63万,5.97亿,-25.63,3.5386,43.99亿,43.89亿,1000008211,7.29,False
111,300410,正业科技,SZ,9.63,7.24,3.27,16.68,0.650,9.82,8.97,6124.84万,5.82亿,24.03,13.4425,35.35亿,35.35亿,1000314436,7.24,False
112,301178,天亿马,SZ,56.01,7.20,2.89,9.10,3.760,56.98,52.15,450.05万,2.50亿,124.99,4.8190,37.44亿,27.71亿,1002320924,7.20,False
113,300153,科泰电源,SZ,28.78,7.15,1.74,8.03,1.920,28.91,27.09,2556.15万,7.20亿,60.31,10.1343,92.10亿,91.62亿,1000010202,7.15,False
114,301222,浙江恒威,SZ,39.14,7.14,1.55,9.36,2.610,39.99,36.12,746.82万,2.88亿,16.02,2.7381,39.23亿,31.24亿,1001239090,7.14,False
115,002899,英派斯,SZ,33.36,7.13,1.56,4.63,2.220,33.62,31.15,683.84万,2.24亿,24.29,2.8311,49.31亿,49.31亿,1000734418,7.13,False
116,002943,宇晶股份,SZ,57.35,7.12,1.64,20.11,3.810,58.18,53.56,2928.50万,16.52亿,130.38,13.1968,117.87亿,83.51亿,1001135173,7.12,False
117,688027,国盾量子,SH,619.14,7.12,1.78,5.63,41.140,628.88,591.00,452.83万,27.61亿,2952.82,19.6249,636.85亿,497.63亿,1001809262,7.12,False
118,000006,深振业Ａ,SZ,9.40,7.06,1.94,3.05,0.620,9.47,8.73,4115.82万,3.76亿,-75.08,2.3669,126.90亿,126.90亿,1000009567,7.06,False
119,603061,DR金海通,SH,245.98,7.02,1.90,6.06,16.130,252.84,220.10,527.60万,12.60亿,64.85,12.6998,214.00亿,214.00亿,1002497502,7.02,False
120,300137,先河环保,SZ,16.13,6.96,1.75,15.25,1.050,17.00,14.82,8083.00万,12.96亿,390.98,5.3037,86.55亿,85.49亿,1000008209,6.96,False
121,002842,翔鹭钨业,SZ,33.85,6.85,2.16,26.28,2.170,34.85,30.98,7056.37万,23.59亿,19.27,9.1750,110.75亿,90.87亿,1000326764,6.85,False
122,300097,智云股份,SZ,10.50,6.82,2.34,17.28,0.670,10.81,9.35,4666.42万,4.62亿,-2.75,14.1044,30.30亿,28.35亿,1000007974,6.82,False
123,300276,三丰智能,SZ,7.36,6.82,4.56,6.47,0.470,7.48,6.95,6843.79万,5.01亿,68.03,5.2000,103.12亿,77.80亿,1000009275,6.82,False
124,300928,华安鑫创,SZ,30.63,6.72,3.67,6.33,1.930,32.20,29.48,339.01万,1.03亿,-10.50,2.2318,24.50亿,16.41亿,1001702919,6.72,False
125,301313,凡拓数创,SZ,33.43,6.70,1.90,6.66,2.100,34.10,31.32,502.68万,1.64亿,-8.97,4.8020,34.58亿,25.24亿,1002490921,6.70,False
126,920726,朱老六,BJ,19.10,6.70,3.76,12.90,1.200,20.00,17.54,721.35万,1.35亿,30.69,4.4069,19.42亿,10.68亿,1000361766,6.70,False
127,002826,易明医药,SZ,21.37,6.69,2.29,5.27,1.340,21.66,19.85,965.16万,2.01亿,12.46,5.0798,40.75亿,39.10亿,1000653867,6.69,False
128,300935,盈建科,SZ,32.64,6.63,2.12,5.18,2.030,33.47,30.35,312.21万,9983.44万,-8.24,3.4105,25.93亿,19.67亿,1000979191,6.63,False
129,688590,新致软件,SH,14.98,6.62,1.59,7.27,0.930,15.32,14.04,2046.48万,3.04亿,33.99,2.6886,42.17亿,42.17亿,1000576775,6.62,False
130,600676,交运股份,SH,8.06,6.61,3.53,3.17,0.500,8.30,7.51,3260.98万,2.61亿,-6.27,1.7161,82.90亿,82.90亿,1000002252,6.61,False
131,002798,帝欧水华,SZ,7.11,6.60,6.83,11.59,0.440,7.20,6.61,5557.64万,3.88亿,-6.92,1.8742,39.12亿,34.09亿,1000303920,6.60,False
132,688379,华光新材,SH,52.79,6.58,2.10,4.69,3.260,52.90,49.69,422.83万,2.18亿,7.94,3.6725,50.14亿,47.56亿,1000440970,6.58,False
133,002132,恒星科技,SZ,4.42,6.51,2.28,16.32,0.270,4.57,4.16,2.28亿,10.15亿,76.89,1.7810,61.95亿,61.86亿,1000006879,6.51,False
134,002633,申科股份,SZ,18.91,6.48,3.12,3.88,1.150,19.23,17.71,579.72万,1.08亿,137.43,6.6796,28.36亿,28.26亿,1000007907,6.48,False
135,002663,普邦股份,SZ,2.30,6.48,1.74,10.70,0.140,2.38,2.18,1.38亿,3.15亿,-25.38,1.6748,39.64亿,29.74亿,1000008019,6.48,False
136,920768,拾比佰,BJ,11.99,6.48,5.15,7.22,0.730,12.60,11.75,552.04万,6614.42万,6.16,1.8818,13.31亿,9.17亿,1000376210,6.48,False
137,300840,酷特智能,SZ,19.71,6.43,2.12,10.62,1.190,20.28,19.31,1880.40万,3.72亿,28.67,3.6999,47.30亿,34.90亿,1001716618,6.43,False
138,688382,益方生物-U,SH,22.63,6.39,1.94,5.55,1.360,23.08,20.87,3208.40万,7.15亿,-10.33,8.5202,130.88亿,130.88亿,1002611704,6.39,False
139,600490,鹏欣资源,SH,8.53,6.36,2.05,3.88,0.510,8.65,8.02,7729.72万,6.45亿,20.16,2.9739,188.76亿,169.97亿,1000001719,6.36,False
140,002511,中顺洁柔,SZ,8.82,6.27,2.40,3.16,0.520,8.84,8.32,3997.19万,3.46亿,8.90,2.0778,113.46亿,111.59亿,1000008052,6.27,False
141,603206,嘉环科技,SH,17.54,6.24,4.57,6.22,1.030,18.16,16.60,1897.49万,3.34亿,24.18,2.3597,53.53亿,53.53亿,1002686350,6.24,False
142,300221,银禧科技,SZ,10.96,6.20,1.86,6.61,0.640,11.05,10.26,3021.50万,3.24亿,11.72,3.5430,51.92亿,50.11亿,1000008176,6.20,False
143,688220,翱捷科技-U,SH,80.81,6.19,2.74,5.58,4.710,86.70,76.09,2060.58万,16.75亿,-21.65,6.1935,338.03亿,298.30亿,1002482748,6.19,False
144,688507,索辰科技,SH,92.84,6.19,2.65,6.04,5.410,94.10,87.88,297.43万,2.73亿,-27.23,2.8968,82.73亿,45.71亿,1003135029,6.19,False
145,301248,杰创智能,SZ,61.31,6.16,2.29,18.08,3.560,63.50,56.01,2031.34万,12.39亿,103.46,6.1691,94.24亿,68.87亿,1002469113,6.16,False
146,605088,冠盛股份,SH,36.42,6.12,3.12,3.85,2.100,36.68,34.25,768.89万,2.74亿,8.21,2.5702,73.83亿,72.74亿,1001030437,6.12,False
147,002469,三维化学,SZ,8.86,6.11,2.82,5.07,0.510,8.96,8.36,3184.47万,2.79亿,7.71,2.1696,57.49亿,55.68亿,1000008283,6.11,False
148,301321,翰博高新,SZ,23.45,6.11,1.55,5.45,1.350,23.80,21.67,804.29万,1.87亿,-124.39,4.4996,43.72亿,34.62亿,1002750125,6.11,False
149,603110,东方材料,SH,17.60,6.09,2.57,9.43,1.010,17.90,16.59,1896.92万,3.30亿,277.34,5.0884,35.42亿,35.42亿,1000611307,6.09,False
150,300478,杭州高新,SZ,26.72,6.07,2.02,5.04,1.530,26.89,25.28,637.87万,1.68亿,-30.93,83.4058,33.85亿,33.85亿,1000310107,6.07,False
151,002125,湘潭电化,SZ,14.29,6.01,2.38,5.83,0.810,14.39,13.50,3669.34万,5.19亿,14.29,2.9478,89.96亿,89.96亿,1000006436,6.01,False
152,300605,恒锋信息,SZ,14.88,5.98,2.00,6.38,0.840,14.97,14.00,806.68万,1.17亿,58.89,5.0658,24.57亿,18.81亿,1000506168,5.98,False
153,605208,永茂泰,SH,14.83,5.93,1.99,5.35,0.830,14.98,13.99,1766.48万,2.58亿,18.12,2.2267,48.93亿,48.93亿,1001908735,5.93,False
154,301428,世纪恒通,SZ,35.71,5.87,1.70,14.00,1.980,35.80,33.77,856.67万,3.00亿,18.50,2.7691,35.23亿,21.85亿,1000730080,5.87,False
155,300556,丝路视觉,SZ,18.53,5.83,2.99,7.32,1.020,19.17,17.50,794.07万,1.46亿,-4.60,5.0779,22.53亿,20.11亿,1000326702,5.83,False
156,002882,金龙羽,SZ,29.63,5.82,3.06,7.03,1.630,30.21,27.50,1734.92万,5.01亿,29.97,6.0639,128.27亿,73.12亿,1000492264,5.82,False
157,603101,汇嘉时代,SH,9.82,5.82,1.93,8.34,0.540,9.89,9.19,3924.22万,3.78亿,14.36,3.3662,46.19亿,46.19亿,1000308869,5.82,False
158,300949,奥雅股份,SZ,39.37,5.80,1.86,3.89,2.160,39.88,36.94,133.29万,5166.73万,-20.58,3.5343,23.62亿,13.50亿,1000734425,5.80,False
159,300467,迅游科技,SZ,32.35,5.79,2.20,4.54,1.770,32.77,30.41,765.95万,2.44亿,93.03,10.2962,65.74亿,54.53亿,1000305481,5.79,False
160,002498,汉缆股份,SZ,8.99,5.76,4.07,12.92,0.490,9.15,8.13,4.30亿,37.28亿,15.78,3.3546,299.08亿,299.08亿,1000008295,5.76,False
161,603358,华达科技,SH,34.48,5.73,1.53,3.93,1.870,35.32,33.27,1790.09万,6.17亿,10.29,4.3050,161.97亿,156.95亿,1000402186,5.73,False
162,001367,海森药业,SZ,27.40,5.71,1.93,8.31,1.480,28.00,25.71,1011.09万,2.73亿,7.68,2.7946,41.74亿,33.33亿,1002885803,5.71,False
163,605598,上海港湾,SH,54.06,5.71,2.55,4.73,2.920,55.29,50.63,1148.73万,6.14亿,41.47,7.2291,131.37亿,131.37亿,1002297032,5.71,False
164,002552,宝鼎科技,SZ,21.52,5.70,1.84,9.26,1.160,21.66,19.90,3412.69万,7.16亿,16.80,5.5743,83.49亿,79.30亿,1000008949,5.70,False
165,301097,天益医疗,SZ,60.30,5.70,2.70,4.98,3.250,63.36,56.65,144.03万,8589.90万,44.22,3.0078,35.55亿,17.45亿,1000979179,5.70,False
166,605365,立达信,SH,25.01,5.66,2.82,4.72,1.340,25.02,23.14,2371.70万,5.77亿,24.66,3.3676,125.55亿,125.55亿,1002281109,5.66,False
167,301106,骏成科技,SZ,30.00,5.63,2.47,3.35,1.600,30.40,28.16,341.97万,1.01亿,9.72,2.3835,30.63亿,30.63亿,1002496322,5.63,False
168,000636,风华高科,SZ,22.22,5.61,1.58,7.97,1.180,22.40,21.04,9225.41万,20.24亿,28.13,2.0574,257.09亿,257.09亿,1000004192,5.61,False
169,300745,欣锐科技,SZ,27.29,5.61,1.83,4.79,1.450,27.54,25.72,681.59万,1.82亿,-18.37,2.0247,46.00亿,38.84亿,1000975322,5.61,False
170,688162,巨一科技,SH,35.34,5.59,2.49,3.80,1.870,35.96,33.13,520.54万,1.82亿,23.26,1.9975,48.45亿,48.45亿,1002492589,5.59,False
171,000409,云鼎科技,SZ,11.18,5.57,2.87,3.02,0.590,11.23,10.58,1783.02万,1.95亿,22.99,4.7165,75.77亿,66.02亿,1000002106,5.57,False
172,300398,飞凯材料,SZ,29.20,5.57,1.57,9.91,1.540,29.67,27.44,5589.42万,16.06亿,14.23,3.3643,165.55亿,164.64亿,1000305978,5.57,False
173,688631,莱斯信息,SH,56.86,5.57,2.11,6.45,3.000,59.88,53.95,418.09万,2.38亿,-46.61,4.8496,92.95亿,36.89亿,1000653909,5.57,False
174,002803,吉宏股份,SZ,17.28,5.56,2.41,5.40,0.910,17.48,16.25,1557.96万,2.65亿,7.03,2.8844,77.83亿,49.88亿,1000317350,5.56,False
175,301259,艾布鲁,SZ,34.69,5.54,2.55,4.11,1.820,34.99,32.90,406.31万,1.39亿,-182.89,6.5405,54.12亿,34.30亿,1002315742,5.54,False
176,688038,中科通达,SH,23.88,5.52,1.67,4.04,1.250,24.25,22.56,469.84万,1.10亿,-101.07,4.6747,27.79亿,27.79亿,1002382699,5.52,False
177,300052,中青宝,SZ,13.78,5.51,7.86,21.85,0.720,14.33,13.15,5721.62万,7.82亿,-33.06,9.5450,36.08亿,36.08亿,1000008179,5.51,False
178,000889,中嘉博创,SZ,5.00,5.49,1.76,38.89,0.260,5.21,4.38,3.38亿,16.16亿,-39.89,65.9573,46.81亿,43.49亿,1000000661,5.49,False
179,600300,维维股份,SH,3.66,5.48,2.59,5.04,0.190,3.72,3.45,8146.42万,2.94亿,4.42,1.6337,59.19亿,59.19亿,1000002392,5.48,False
180,002494,华斯股份,SZ,5.40,5.47,1.74,7.68,0.280,5.43,5.13,2202.10万,1.17亿,24.80,1.6307,20.37亿,15.49亿,1000007998,5.47,False
181,688486,龙迅股份,SH,67.95,5.45,1.59,3.06,3.510,68.67,66.15,407.72万,2.76亿,59.48,5.6709,90.60亿,90.59亿,1002422299,5.45,False
182,300648,星云股份,SZ,53.64,5.38,2.32,3.95,2.740,54.26,50.72,523.71万,2.75亿,-66.80,6.8643,93.48亿,71.17亿,1000602807,5.38,False
183,600397,江钨装备,SH,14.88,5.31,1.98,6.20,0.750,15.30,14.01,6138.56万,9.05亿,-12.01,94.7468,147.31亿,147.31亿,1000001683,5.31,False
184,688607,康众医疗,SH,65.60,5.30,1.85,5.44,3.300,66.00,59.80,479.80万,3.03亿,4153.41,6.8023,57.81亿,57.81亿,1002241414,5.30,False
185,300093,*ST金刚,SZ,20.10,5.29,1.91,3.27,1.010,20.28,18.92,755.96万,1.49亿,13.36,5.4105,108.54亿,46.43亿,1000008818,5.29,False
186,300159,*ST新研,SZ,3.41,5.25,2.55,3.31,0.170,3.46,3.24,6067.58万,2.05亿,-11.63,6.7824,112.20亿,62.47亿,1000008051,5.25,False
187,300649,杭州园林,SZ,15.65,5.25,2.16,4.32,0.780,16.14,14.70,458.53万,7100.01万,73.60,4.1457,20.72亿,16.61亿,1000614631,5.25,False
188,002446,盛路通信,SZ,10.48,5.22,2.75,7.73,0.520,10.55,9.87,6551.05万,6.74亿,28.53,3.7696,95.94亿,88.85亿,1000007869,5.22,False
189,603815,交建股份,SH,6.69,5.19,6.79,13.62,0.330,6.73,6.40,8428.26万,5.54亿,7.55,1.7129,41.41亿,41.41亿,1001416889,5.19,False
190,605098,行动教育,SH,63.27,5.19,4.06,5.29,3.120,64.37,61.36,630.31万,3.95亿,5.90,7.4669,75.45亿,75.45亿,1001030444,5.19,False
191,002334,英威腾,SZ,9.01,5.13,2.34,8.96,0.440,9.16,8.52,6585.42万,5.87亿,8.90,2.4115,74.13亿,66.19亿,1000008322,5.13,False
192,002805,丰元股份,SZ,18.51,5.11,3.27,18.32,0.900,19.37,17.61,5103.58万,9.56亿,-3.46,5.2498,51.84亿,51.56亿,1000011552,5.11,False
193,300774,倍杰特,SZ,18.35,5.10,1.64,6.91,0.890,18.38,17.30,1347.41万,2.42亿,22.30,5.0486,75.01亿,35.76亿,1001908726,5.10,False
194,002034,旺能环境,SZ,19.68,5.07,1.79,4.19,0.950,19.93,18.60,1807.78万,3.50亿,3.87,1.2300,85.41亿,84.98亿,1000002187,5.07,False
195,603171,税友股份,SH,56.39,5.07,2.22,3.63,2.720,56.89,53.70,1474.05万,8.27亿,51.87,9.0770,229.14亿,228.88亿,1001987652,5.07,False
196,300713,英可瑞,SZ,17.07,5.05,1.62,5.90,0.820,17.13,16.09,525.79万,8840.99万,-15.16,5.3093,27.09亿,15.21亿,1000734426,5.05,False
197,300912,凯龙高科,SZ,26.69,5.04,3.27,13.28,1.280,27.29,25.07,1141.14万,3.01亿,-28.30,6.2208,30.66亿,22.94亿,1001247930,5.04,False
198,300316,晶盛机电,SZ,45.60,5.00,1.64,4.46,2.170,46.50,41.95,5497.35万,24.44亿,16.87,3.4885,597.15亿,561.59亿,1000009027,5.00,False
199,603008,喜临门,SH,12.61,5.00,1.61,11.36,0.600,13.18,12.01,4184.97万,5.25亿,2.91,1.2199,46.44亿,46.44亿,1000010305,5.00,False
200,301270,汉仪股份,SZ,33.41,4.96,1.98,4.46,1.580,33.60,31.89,421.17万,1.38亿,92.35,3.3919,33.41亿,31.57亿,1002497464,4.96,False
