序号,代码,名称,市场代码简称,最新价(元) 2026.04.16,涨跌幅(%) 2026.04.16,年度股息率(%) 2025.12.31,市盈率(TTM)(倍) 2026.04.16,涨跌额(元) 2026.04.16,最高价(元) 2026.04.16,最低价(元) 2026.04.16,换手率(%) 2026.04.16,量比 2026.04.16,成交量(股) 2026.04.16,成交额(元) 2026.04.16,市盈率(动)(倍) 2026.04.16,市净率(倍) 2026.04.16,总市值(元) 2026.04.16,流通市值(元) 2026.04.16,CHOICE_INNER_CODE,IN_OPTIONAL
1,603165,荣晟环保,SH,15.80,0.32,16.44,22.63,0.050,15.91,15.60,2.43,0.63,779.27万,1.23亿,5.66,1.9937,50.63亿,50.63亿,1000408499,False
2,600329,达仁堂,SH,41.15,-0.94,10.50,14.87,-0.390,41.50,41.00,0.51,0.92,289.94万,1.19亿,3.72,4.4636,316.89亿,233.36亿,1000001965,False
3,603508,思维列控,SH,24.34,0.21,9.43,16.69,0.050,24.36,24.16,0.86,0.72,328.32万,7962.91万,4.17,2.3175,92.80亿,92.80亿,1000316522,False
4,600219,南山铝业,SH,6.39,3.06,8.07,15.50,0.190,6.40,6.25,2.23,1.19,2.56亿,16.24亿,3.87,1.4798,733.81亿,733.81亿,1000000549,False
5,600066,宇通客车,SH,36.45,0.00,7.65,14.53,0.000,36.84,36.20,0.73,0.81,1612.78万,5.88亿,3.63,5.1723,806.98亿,806.98亿,1000001694,False
6,603303,得邦照明,SH,15.50,0.85,7.38,27.97,0.130,15.60,15.32,0.37,1.10,175.10万,2711.53万,6.99,2.3252,73.93亿,73.93亿,1000402180,False
7,002616,长青集团,SZ,5.80,1.58,7.33,17.78,0.090,5.85,5.70,2.07,0.85,1215.65万,7029.72万,4.44,1.3765,49.80亿,34.04亿,1000010133,False
8,601083,锦江航运,SH,12.77,-1.01,7.28,11.01,-0.130,12.91,12.66,5.64,0.86,1095.08万,1.39亿,2.75,1.7541,165.26亿,24.79亿,1003354127,False
9,600983,惠而浦,SH,10.79,0.09,7.01,15.91,0.010,10.88,10.69,1.26,0.77,966.45万,1.04亿,3.98,2.7785,82.70亿,82.70亿,1000002023,False
10,601339,百隆东方,SH,8.05,4.01,6.91,18.40,0.310,8.28,7.67,1.57,1.20,2350.68万,1.89亿,4.60,1.3120,120.72亿,120.72亿,1000008744,False
11,600398,海澜之家,SH,6.77,-0.15,6.78,15.01,-0.010,6.81,6.71,0.57,0.78,2741.09万,1.86亿,3.75,1.7746,325.15亿,325.15亿,1000001684,False
12,002007,华兰生物,SZ,15.07,0.33,6.61,29.29,0.050,15.12,14.91,0.63,1.01,996.97万,1.50亿,7.32,2.3946,275.40亿,237.08亿,1000001946,False
13,300770,新媒股份,SZ,40.80,1.59,6.60,14.08,0.640,40.80,40.17,1.13,1.21,258.00万,1.05亿,3.52,2.6039,92.96亿,92.96亿,1001232497,False
14,601919,中远海控,SH,14.92,-1.06,6.59,7.40,-0.160,15.12,14.87,0.65,1.28,8205.82万,12.27亿,1.85,0.9836,2284.65亿,1873.39亿,1000008452,False
15,002911,佛燃能源,SZ,13.68,-0.51,6.35,17.24,-0.070,13.72,13.48,0.81,0.97,1021.83万,1.39亿,4.31,3.5914,177.59亿,173.33亿,1000010917,False
16,601886,江河集团,SH,9.56,0.53,6.13,17.75,0.050,9.57,9.44,0.41,0.80,459.18万,4364.61万,4.44,1.4830,108.32亿,108.32亿,1000008038,False
17,600015,华夏银行,SH,7.21,-0.83,6.11,4.22,-0.060,7.28,7.17,0.30,1.10,4688.10万,3.38亿,1.05,0.3634,1147.47亿,1109.42亿,1000009999,False
18,002818,富森美,SZ,10.81,0.65,6.03,14.57,0.070,10.88,10.70,0.91,1.47,270.40万,2915.88万,3.64,1.4476,80.91亿,32.25亿,1000308881,False
19,002170,芭田股份,SZ,13.87,3.12,5.99,14.77,0.420,13.96,13.55,5.15,1.26,4056.10万,5.60亿,3.69,3.5813,134.59亿,109.17亿,1000006770,False
20,605098,行动教育,SH,63.27,5.19,5.99,23.58,3.120,64.37,61.36,5.29,4.06,630.31万,3.95亿,5.90,7.4669,75.45亿,75.45亿,1001030444,False
21,002032,苏 泊 尔,SZ,45.65,0.15,5.97,17.45,0.070,46.08,45.48,0.18,0.86,146.53万,6710.77万,4.36,5.8218,365.89亿,365.74亿,1000002071,False
22,600750,华润江中,SH,27.28,1.79,5.96,19.12,0.480,27.65,26.62,0.93,1.26,581.65万,1.58亿,4.78,4.3006,173.40亿,171.51亿,1000002183,False
23,600502,安徽建工,SH,5.83,-0.51,5.76,6.56,-0.030,5.99,5.78,3.40,0.74,5835.95万,3.43亿,1.64,0.8388,100.07亿,100.07亿,1000001710,False
24,600295,鄂尔多斯,SH,15.24,1.60,5.66,18.05,0.240,15.39,14.87,0.70,0.84,1385.06万,2.11亿,4.51,1.9573,426.53亿,301.08亿,1000001421,False
25,002884,凌霄泵业,SZ,18.84,0.37,5.65,14.81,0.070,19.29,18.73,1.98,0.79,541.75万,1.02亿,3.70,2.7893,67.39亿,51.45亿,1000576708,False
26,600575,淮河能源,SH,3.66,-0.54,5.59,15.45,-0.020,3.69,3.63,1.24,1.25,4802.67万,1.75亿,3.86,1.1936,262.30亿,142.24亿,1000001707,False
27,002563,森马服饰,SZ,5.24,0.77,5.54,15.82,0.040,5.25,5.17,0.75,1.25,1649.39万,8588.68万,3.95,1.2393,141.17亿,115.65亿,1000008855,False
28,000423,东阿阿胶,SZ,55.63,0.61,5.50,20.60,0.340,55.81,54.84,0.92,0.88,588.24万,3.26亿,5.15,3.4659,358.24亿,357.62亿,1000001763,False
29,000333,美的集团,SZ,77.90,0.53,5.50,13.48,0.410,78.44,77.40,0.35,1.00,2380.78万,18.54亿,3.37,2.6538,5923.90亿,5338.71亿,1000240855,False
30,600803,新奥股份,SH,20.95,0.87,5.49,13.85,0.180,20.98,20.61,0.23,0.64,717.50万,1.49亿,3.46,2.6314,648.57亿,643.53亿,1000002202,False
31,000895,双汇发展,SZ,28.71,-0.21,5.48,19.49,-0.060,28.99,28.45,0.27,0.83,930.77万,2.67亿,4.87,4.6563,994.70亿,994.57亿,1000000665,False
32,600894,广日股份,SH,9.99,1.22,5.41,12.34,0.120,10.03,9.80,1.06,0.75,896.68万,8889.66万,3.09,0.9580,85.08亿,84.23亿,1000000748,False
33,600007,中国国贸,SH,21.33,-0.47,5.40,17.87,-0.100,21.65,21.25,0.23,0.98,227.89万,4892.73万,4.47,2.2042,214.85亿,214.85亿,1000002211,False
34,600011,华能国际,SH,6.99,-0.14,5.36,7.62,-0.010,7.04,6.97,0.52,0.79,5762.82万,4.03亿,1.90,1.6900,1097.30亿,768.74亿,1000002250,False
35,600098,广州发展,SH,7.11,-0.56,5.35,10.75,-0.040,7.17,7.06,0.57,0.84,2009.54万,1.43亿,2.69,0.9166,249.27亿,249.27亿,1000002322,False
36,603558,健盛集团,SH,13.78,3.45,5.34,11.66,0.460,13.89,13.35,3.15,1.22,1079.66万,1.48亿,2.92,2.0130,47.22亿,47.22亿,1000310540,False
37,002233,塔牌集团,SZ,9.27,0.76,5.33,17.17,0.070,9.31,9.18,0.56,0.98,655.19万,6067.85万,4.29,0.9060,108.84亿,108.76亿,1000007852,False
38,002749,国光股份,SZ,13.42,2.29,5.25,16.68,0.300,13.50,13.13,0.62,2.26,279.29万,3723.94万,5.62,3.5016,62.59亿,60.88亿,1000309733,False
39,000001,平安银行,SZ,11.09,-1.07,5.22,5.05,-0.120,11.23,11.07,0.35,1.37,6809.15万,7.58亿,1.26,0.4769,2152.12亿,2152.08亿,1000001536,False
40,601000,唐山港,SH,4.82,0.42,5.21,14.29,0.020,4.83,4.75,0.54,0.75,3183.88万,1.53亿,3.57,1.3295,285.63亿,285.63亿,1000008234,False
41,605368,蓝天燃气,SH,8.24,-0.48,5.18,18.76,-0.040,8.29,8.21,0.54,1.16,385.94万,3175.73万,5.62,1.8305,58.89亿,58.89亿,1000012364,False
42,600273,嘉化能源,SH,9.16,1.78,5.15,12.16,0.160,9.17,9.01,0.95,0.72,1249.28万,1.13亿,3.04,1.1810,120.12亿,120.12亿,1000000454,False
43,600582,天地科技,SH,5.74,0.17,5.15,9.71,0.010,5.75,5.71,0.38,0.75,1582.33万,9070.63万,2.43,0.9277,237.55亿,237.55亿,1000000569,False
44,000429,粤高速Ａ,SZ,12.85,0.23,5.13,14.91,0.030,12.93,12.78,0.28,0.68,368.80万,4744.71万,3.73,2.4169,268.67亿,167.48亿,1000008895,False
45,000921,海信家电,SZ,22.87,1.42,5.10,9.94,0.320,22.95,22.42,0.94,1.09,866.04万,1.97亿,2.48,1.8130,316.72亿,209.98亿,1000001218,False
46,601717,中创智领,SH,20.20,-0.49,5.09,8.40,-0.100,20.36,19.99,0.87,0.80,1335.15万,2.69亿,2.10,1.4911,360.65亿,311.52亿,1000008092,False
47,600987,航民股份,SH,7.55,-0.53,5.08,10.49,-0.040,7.60,7.50,0.67,0.61,686.54万,5175.04万,2.62,1.1507,77.07亿,77.07亿,1000002027,False
48,002322,理工能科,SZ,14.47,2.92,5.08,24.63,0.410,14.56,13.97,2.40,1.39,842.83万,1.21亿,6.16,1.8787,52.89亿,50.85亿,1000007921,False
49,601166,兴业银行,SH,18.61,-0.48,5.06,5.08,-0.090,18.79,18.57,0.26,1.05,5586.20万,10.42亿,1.27,0.4879,3938.41亿,3938.41亿,1000001206,False
50,600461,洪城环境,SH,9.82,-1.41,5.04,10.57,-0.140,9.95,9.66,1.41,2.25,1813.05万,1.78亿,2.64,1.2723,126.10亿,126.10亿,1000002382,False
51,002056,横店东磁,SZ,19.41,0.41,5.03,17.06,0.080,19.50,19.23,1.58,0.71,2572.90万,4.99亿,4.26,2.9709,315.74亿,315.42亿,1000005474,False
52,601818,光大银行,SH,3.20,-0.31,5.01,4.87,-0.010,3.21,3.19,0.27,1.21,1.24亿,3.96亿,1.22,0.3830,1890.74亿,1485.02亿,1000000869,False
53,600741,华域汽车,SH,20.61,0.63,5.00,9.02,0.130,20.76,20.47,0.68,1.23,2142.08万,4.42亿,2.25,0.9677,649.78亿,649.78亿,1000002146,False
54,601077,渝农商行,SH,7.21,-0.14,4.97,6.75,-0.010,7.25,7.16,0.42,1.01,3748.34万,2.70亿,1.69,0.6356,818.84亿,637.24亿,1001257129,False
55,601088,中国神华,SH,45.53,-0.65,4.96,18.69,-0.300,46.07,45.35,0.17,1.06,2751.44万,12.56亿,4.67,2.1049,9875.20亿,7508.37亿,1000010134,False
56,601598,中国外运,SH,6.08,-0.33,4.95,10.85,-0.020,6.18,6.03,0.33,0.83,1687.07万,1.03亿,2.71,1.0564,436.16亿,313.57亿,1001739287,False
57,601998,中信银行,SH,8.29,-1.54,4.95,6.53,-0.130,8.46,8.22,0.08,1.08,3415.68万,2.84亿,1.63,0.6373,4612.98亿,3379.25亿,1000001761,False
58,600016,民生银行,SH,3.72,-0.27,4.93,5.33,-0.010,3.74,3.71,0.37,1.03,1.32亿,4.92亿,1.33,0.2885,1628.71亿,1319.19亿,1000002334,False
59,002895,川恒股份,SZ,38.53,2.31,4.91,18.52,0.870,38.88,37.25,1.31,0.77,779.72万,2.98亿,4.63,3.0290,233.46亿,229.24亿,1000712764,False
60,000951,中国重汽,SZ,24.53,4.56,4.89,17.30,1.070,24.66,23.03,2.79,1.18,3272.87万,7.75亿,4.33,1.7831,288.20亿,288.20亿,1000001440,False
61,601107,四川成渝,SH,6.03,2.03,4.88,12.19,0.120,6.06,5.89,0.77,1.04,1670.02万,1.00亿,3.05,1.0880,184.40亿,130.41亿,1000004434,False
62,601098,中南传媒,SH,11.09,0.00,4.88,12.49,0.000,11.15,11.02,0.29,0.52,523.78万,5803.74万,3.12,1.2317,199.18亿,199.18亿,1000008043,False
63,600282,南钢股份,SH,5.70,0.88,4.86,12.26,0.050,5.73,5.61,0.44,0.81,2741.45万,1.55亿,3.06,1.2679,351.41亿,351.41亿,1000001995,False
64,002839,张家港行,SZ,4.52,0.22,4.81,5.58,0.010,4.54,4.50,0.78,0.96,1897.90万,8585.26万,1.40,0.5962,110.48亿,110.38亿,1000327173,False
65,600036,招商银行,SH,39.91,0.03,4.79,6.70,0.010,40.15,39.75,0.30,0.98,6172.58万,24.67亿,1.68,0.9408,1.01万亿,8233.01亿,1000002452,False
66,600132,重庆啤酒,SH,54.37,0.50,4.79,21.38,0.270,54.41,53.80,0.72,0.83,348.62万,1.89亿,5.34,19.1092,263.14亿,263.14亿,1000001874,False
67,600795,国电电力,SH,4.83,-1.02,4.78,12.03,-0.050,4.90,4.81,0.81,1.22,1.45亿,6.99亿,3.01,1.4485,861.46亿,861.46亿,1000002157,False
68,601686,友发集团,SH,5.86,0.86,4.78,10.44,0.050,5.87,5.79,0.29,0.91,423.78万,2472.60万,4.30,1.3518,86.23亿,86.23亿,1001898968,False
69,601330,绿色动力,SH,7.96,-0.38,4.75,18.44,-0.030,7.99,7.91,1.83,0.82,1807.59万,1.44亿,4.61,1.4148,113.87亿,78.73亿,1000734399,False
70,603967,中创物流,SH,13.04,1.24,4.73,17.33,0.160,13.07,12.84,0.70,0.82,240.96万,3120.34万,4.33,1.8941,45.21亿,45.21亿,1000730079,False
71,600941,中国移动,SH,93.66,-0.05,4.73,14.80,-0.050,93.97,93.58,0.64,0.90,582.08万,5.46亿,3.70,1.4560,2.03万亿,845.53亿,1002662887,False
72,002128,电投能源,SZ,33.80,3.11,4.66,12.93,1.020,34.23,32.98,1.06,1.30,2382.13万,8.02亿,9.47,1.9083,757.65亿,757.65亿,1000007108,False
73,003008,开普检测,SZ,23.55,2.17,4.64,27.77,0.500,23.63,22.79,2.46,0.79,191.35万,4446.78万,6.94,2.3066,24.49亿,18.30亿,1001799490,False
74,600027,华电国际,SH,4.66,0.00,4.64,8.91,0.000,4.68,4.64,0.86,0.96,7899.77万,3.68亿,2.23,1.1235,541.11亿,429.45亿,1000001731,False
75,000157,中联重科,SZ,8.20,-5.53,4.63,14.60,-0.480,8.69,8.06,3.81,4.37,2.70亿,22.18亿,3.65,1.2319,709.18亿,579.71亿,1000001930,False
76,603444,吉比特,SH,386.43,-1.76,4.62,15.52,-6.910,391.34,380.00,6.41,2.06,461.55万,17.75亿,3.88,5.0518,278.39亿,278.39亿,1000319586,False
77,600970,中材国际,SH,10.57,0.00,4.62,9.68,0.000,10.65,10.44,0.79,0.60,2068.26万,2.18亿,2.42,1.2072,277.13亿,277.13亿,1000001734,False
78,600757,长江传媒,SH,8.81,-2.97,4.62,10.55,-0.270,8.88,8.66,1.68,2.59,2042.72万,1.79亿,2.64,1.0681,106.92亿,106.91亿,1000001844,False
79,601518,吉林高速,SH,2.82,1.08,4.61,10.86,0.030,2.82,2.79,0.80,0.48,1516.47万,4256.44万,2.72,0.9330,53.31亿,53.31亿,1000008160,False
80,000538,云南白药,SZ,55.52,-0.36,4.58,19.22,-0.200,55.72,55.33,0.28,0.71,490.73万,2.72亿,4.81,2.4738,990.62亿,984.33亿,1000009000,False
81,600428,中远海特,SH,9.11,0.89,4.58,14.04,0.080,9.18,8.99,1.28,0.79,3139.02万,2.85亿,3.51,1.4825,249.97亿,222.77亿,1000000019,False
82,601801,皖新传媒,SH,6.13,0.33,4.56,14.98,0.020,6.14,6.09,0.45,0.54,886.09万,5419.30万,3.75,1.0155,120.02亿,120.02亿,1000008272,False
83,601811,新华文轩,SH,14.34,-0.76,4.55,11.28,-0.110,14.37,14.14,1.02,0.43,808.53万,1.15亿,2.82,1.1594,176.93亿,113.56亿,1000310072,False
84,601857,中国石油,SH,11.65,-0.94,4.51,13.55,-0.110,11.77,11.56,0.09,0.92,1.54亿,17.86亿,3.39,1.3443,2.13万亿,1.89万亿,1000004161,False
85,603326,我乐家居,SH,8.76,2.46,4.49,16.03,0.210,8.81,8.55,1.15,1.01,367.71万,3193.64万,4.01,2.3632,27.96亿,27.96亿,1000625541,False
86,601328,交通银行,SH,6.92,-0.14,4.48,6.39,-0.010,6.99,6.91,0.44,1.00,1.14亿,7.89亿,1.60,0.5351,6114.77亿,1804.21亿,1000002489,False
87,600012,皖通高速,SH,15.68,-0.13,4.45,14.27,-0.020,15.95,15.63,0.53,1.01,623.45万,9865.39万,3.57,2.0926,267.91亿,182.77亿,1000002281,False
88,600690,海尔智家,SH,21.06,0.05,4.43,10.10,0.010,21.28,21.03,0.74,1.05,4604.20万,9.72亿,2.53,1.6638,1974.93亿,1316.89亿,1000002439,False
89,603995,甬金股份,SH,18.22,0.50,4.42,12.14,0.090,18.36,18.02,1.13,0.55,412.64万,7500.97万,3.04,1.1461,66.62亿,66.62亿,1001423652,False
90,001299,美能能源,SZ,15.38,-7.85,4.42,36.41,-1.310,16.20,15.02,14.53,1.56,3173.41万,4.86亿,9.10,3.0755,37.32亿,33.59亿,1002053824,False
91,000828,东莞控股,SZ,10.07,0.00,4.41,12.71,0.000,10.09,10.03,0.37,0.67,388.63万,3910.51万,3.18,1.0277,104.68亿,104.68亿,1000009121,False
92,603889,新澳股份,SH,9.06,3.31,4.40,13.78,0.290,9.17,8.70,3.22,0.77,2333.67万,2.11亿,3.44,1.7879,66.15亿,65.66亿,1000304185,False
93,600817,宇通重工,SH,12.46,0.32,4.40,21.48,0.040,12.65,12.42,0.81,0.49,428.19万,5360.39万,5.37,2.5978,66.45亿,65.94亿,1000000181,False
94,603317,天味食品,SH,13.31,1.22,4.39,24.87,0.160,13.41,13.05,0.95,0.99,1007.58万,1.34亿,6.22,3.1201,141.71亿,141.71亿,1000313348,False
95,301109,军信股份,SZ,15.25,1.06,4.35,16.79,0.160,15.29,15.06,2.32,0.99,534.24万,8109.25万,4.20,1.5527,120.34亿,35.13亿,1002479170,False
96,002283,天润工业,SZ,11.15,7.21,4.33,34.54,0.750,11.25,10.27,5.26,1.25,5271.46万,5.72亿,8.64,2.0829,127.05亿,111.82亿,1000007928,False
97,601728,中国电信,SH,5.85,0.34,4.32,16.13,0.020,5.86,5.80,0.15,1.18,1.16亿,6.75亿,4.03,1.1616,5353.17亿,4541.34亿,1002622263,False
98,603689,皖天然气,SH,8.14,0.25,4.32,13.19,0.020,8.15,8.09,0.76,0.94,395.90万,3215.09万,3.30,1.1677,42.80亿,42.61亿,1000323782,False
99,002372,伟星新材,SZ,10.60,-1.58,4.31,22.78,-0.170,10.84,10.55,0.87,1.58,1284.43万,1.37亿,5.70,3.4544,168.76亿,155.91亿,1000007306,False
100,601916,浙商银行,SH,3.02,0.00,4.31,6.41,0.000,3.03,3.00,0.39,1.20,8307.06万,2.50亿,1.60,0.4663,829.43亿,650.64亿,1001194676,False
101,600350,山东高速,SH,10.17,0.69,4.31,15.34,0.070,10.19,10.06,0.10,0.64,485.14万,4915.41万,3.83,1.6396,491.68亿,491.68亿,1000002031,False
102,603886,元祖股份,SH,13.33,0.68,4.29,22.92,0.090,13.35,13.18,1.52,0.72,364.69万,4847.03万,5.73,2.0562,31.99亿,31.99亿,1000324657,False
103,603565,中谷物流,SH,11.87,2.33,4.28,11.66,0.270,11.90,11.62,0.82,1.27,1722.12万,2.03亿,4.42,2.5232,249.28亿,249.28亿,1001819984,False
104,002404,嘉欣丝绸,SZ,6.97,1.75,4.28,21.68,0.120,6.98,6.82,1.21,0.90,549.15万,3796.11万,5.42,1.9470,39.04亿,31.75亿,1000008358,False
105,002107,沃华医药,SZ,8.11,2.01,4.26,42.75,0.160,8.16,7.75,11.59,0.94,6624.14万,5.30亿,31.93,6.9228,46.81亿,46.34亿,1000006668,False
106,000338,潍柴动力,SZ,27.40,3.01,4.26,21.84,0.800,27.57,26.38,2.40,0.96,1.20亿,32.41亿,5.46,2.5616,2387.20亿,1370.96亿,1000010157,False
107,601963,重庆银行,SH,10.44,-1.42,4.25,6.69,-0.150,10.78,10.39,0.82,1.08,1667.59万,1.76亿,1.67,0.6719,378.53亿,212.35亿,1001423650,False
108,603167,渤海轮渡,SH,9.31,1.09,4.24,15.12,0.100,9.32,9.20,0.89,0.95,417.62万,3871.72万,4.02,1.2443,43.68亿,43.68亿,1000010307,False
109,601991,大唐发电,SH,3.87,-0.51,4.24,9.70,-0.020,3.89,3.84,0.73,0.72,9090.91万,3.51亿,2.42,2.1036,716.21亿,479.73亿,1000002436,False
110,600742,富维股份,SH,10.24,1.39,4.20,15.21,0.140,10.27,10.04,1.11,0.90,826.69万,8414.63万,4.85,0.8874,76.09亿,76.09亿,1000002147,False
111,688526,科前生物,SH,15.21,0.26,4.19,16.93,0.040,15.25,15.06,0.43,0.80,201.31万,3054.69万,4.23,1.6726,70.90亿,70.90亿,1001806126,False
112,600096,云天化,SH,33.81,2.58,4.19,11.95,0.850,34.15,32.90,2.86,1.29,5221.86万,17.56亿,2.99,2.5074,616.35亿,616.35亿,1000002279,False
113,601939,建设银行,SH,9.45,-0.11,4.19,7.29,-0.010,9.58,9.40,1.10,1.64,1.06亿,10.05亿,1.82,0.7138,2.47万亿,906.60亿,1000001073,False
114,300979,华利集团,SZ,43.25,0.58,4.18,15.74,0.250,43.52,42.62,0.16,0.80,182.53万,7860.63万,3.94,3.1081,504.73亿,504.72亿,1002298477,False
115,601033,永兴股份,SH,14.89,-0.13,4.16,15.57,-0.020,14.94,14.79,1.32,0.90,316.67万,4707.29万,3.89,1.2394,134.01亿,35.74亿,1003258442,False
116,000513,丽珠集团,SZ,34.31,-0.44,4.15,15.06,-0.150,34.50,34.16,0.74,0.73,417.95万,1.43亿,3.76,2.1935,304.64亿,194.93亿,1000004079,False
117,002393,力生制药,SZ,23.68,-0.29,4.15,14.65,-0.070,23.78,23.40,1.87,0.92,466.81万,1.10亿,3.66,1.3403,61.00亿,59.27亿,1000006684,False
118,601298,青岛港,SH,8.87,0.91,4.14,10.92,0.080,8.88,8.73,0.14,0.84,765.85万,6741.09万,2.73,1.2595,575.76亿,478.28亿,1001126655,False
119,001872,招商港口,SZ,21.59,-0.23,4.13,11.62,-0.050,21.69,21.30,0.10,0.79,226.48万,4864.71万,2.91,0.8325,535.84亿,497.00亿,1001711097,False
120,600211,西藏药业,SH,42.25,-0.17,4.13,14.52,-0.070,42.35,41.85,0.64,0.66,206.73万,8697.89万,3.63,3.5852,136.18亿,136.18亿,1000000543,False
121,601921,浙版传媒,SH,7.99,-0.13,4.09,13.81,-0.010,8.03,7.96,0.27,0.85,604.07万,4827.11万,3.45,1.2344,177.56亿,177.56亿,1002281154,False
122,600908,无锡银行,SH,5.67,-0.35,4.05,5.39,-0.020,5.72,5.66,0.49,0.75,970.56万,5514.61万,1.35,0.5545,124.44亿,113.36亿,1000327151,False
123,600377,宁沪高速,SH,11.79,0.94,4.05,12.93,0.110,11.83,11.65,0.22,1.19,828.79万,9749.95万,3.23,1.4332,593.95亿,448.28亿,1000000997,False
124,301087,可孚医疗,SZ,57.20,-1.11,4.03,32.15,-0.640,57.99,56.74,1.59,0.88,309.01万,1.77亿,8.04,2.5859,119.49亿,110.96亿,1002311837,False
125,002454,松芝股份,SZ,10.53,-0.38,4.02,26.75,-0.040,10.60,10.35,3.73,0.81,2340.02万,2.45亿,6.69,1.6516,66.19亿,66.02亿,1000006292,False
126,002948,青岛银行,SZ,5.25,0.77,4.02,5.89,0.040,5.27,5.20,1.27,1.02,3954.88万,2.07亿,1.47,0.7495,305.57亿,163.41亿,1000863715,False
127,601658,邮储银行,SH,5.07,-0.78,4.01,6.97,-0.040,5.14,5.05,0.17,1.01,1.24亿,6.33亿,1.74,0.6028,6088.82亿,3677.16亿,1001899021,False
128,301552,科力装备,SZ,42.28,0.67,4.00,25.93,0.280,42.95,41.83,7.18,0.46,170.95万,7232.44万,6.48,3.4000,40.25亿,10.06亿,1003097329,False
129,600008,首创环保,SH,3.05,0.00,4.00,12.64,0.000,3.06,3.03,0.76,0.69,5610.36万,1.71亿,3.16,1.0795,223.89亿,223.89亿,1000002212,False
130,002001,新 和 成,SZ,37.62,2.81,3.97,17.09,1.030,38.46,36.24,1.62,1.08,4921.17万,18.49亿,4.27,3.5245,1156.22亿,1142.47亿,1000010007,False
131,601988,中国银行,SH,5.79,0.00,3.95,7.68,0.000,5.87,5.76,0.09,0.93,1.89亿,10.97亿,1.92,0.6925,1.87万亿,1.22万亿,1000002490,False
132,601318,中国平安,SH,58.52,-0.31,3.95,7.86,-0.180,59.03,58.25,0.51,0.88,5443.68万,31.90亿,1.97,1.0592,1.06万亿,6238.27亿,1000002667,False
133,000708,中信特钢,SZ,16.84,1.51,3.95,14.34,0.250,16.86,16.54,0.16,0.69,812.12万,1.36亿,3.58,1.9721,849.94亿,849.94亿,1000002482,False
134,920022,世昌股份,BJ,26.56,-0.49,3.93,23.26,-0.130,26.85,26.35,2.11,1.08,35.07万,930.67万,5.82,3.7367,16.02亿,4.41亿,1003861500,False
135,601336,新华保险,SH,63.89,3.62,3.92,5.49,2.230,64.13,61.38,1.41,1.59,2943.50万,18.50亿,1.37,1.7868,1993.08亿,1332.39亿,1000002881,False
136,601398,工商银行,SH,7.46,-0.53,3.91,7.21,-0.040,7.54,7.43,0.08,1.01,2.28亿,17.02亿,1.80,0.6889,2.66万亿,2.01万亿,1000000973,False
137,000900,现代投资,SZ,4.11,0.00,3.91,15.42,0.000,4.13,4.08,0.59,0.89,893.41万,3664.07万,3.86,0.5656,62.38亿,62.38亿,1000000671,False
138,601186,中国铁建,SH,6.96,0.00,3.91,5.15,0.000,6.98,6.94,0.36,1.07,4126.78万,2.87亿,1.29,0.3447,945.14亿,800.63亿,1000007767,False
139,002060,广东建工,SZ,3.92,-3.21,3.89,13.27,-0.130,4.04,3.91,8.18,2.51,1.28亿,5.05亿,3.32,1.0211,147.17亿,61.26亿,1000004045,False
140,600585,海螺水泥,SH,22.25,-1.33,3.89,14.53,-0.300,22.55,22.07,1.29,2.31,5150.21万,11.46亿,3.63,0.6127,1179.09亿,889.93亿,1000000573,False
141,600060,海信视像,SH,23.08,0.04,3.87,12.27,0.010,23.25,22.89,0.67,0.71,874.05万,2.02亿,3.07,1.4167,301.19亿,300.08亿,1000002507,False
142,600938,中国海油,SH,36.96,0.19,3.85,14.39,0.070,37.19,36.45,1.73,0.86,5163.28万,19.00亿,3.60,2.1884,1.76万亿,1105.10亿,1002842127,False
143,002998,优彩资源,SZ,9.27,5.58,3.84,47.97,0.490,9.33,8.75,6.00,0.84,1622.58万,1.47亿,25.68,1.8717,32.89亿,25.07亿,1001855448,False
144,600600,青岛啤酒,SH,62.06,0.10,3.84,18.45,0.060,62.25,61.83,0.57,0.92,402.42万,2.50亿,4.61,2.7623,846.62亿,440.08亿,1000000792,False
145,600710,苏美达,SH,12.99,-0.46,3.84,12.52,-0.060,13.09,12.82,0.93,0.64,1218.44万,1.58亿,3.13,1.9936,169.75亿,169.75亿,1000001830,False
146,605338,巴比食品,SH,25.80,-0.58,3.83,22.64,-0.150,26.20,25.50,1.48,1.23,354.12万,9176.63万,5.66,2.6442,61.81亿,61.81亿,1001893710,False
147,600968,海油发展,SH,4.30,-0.23,3.83,11.25,-0.010,4.31,4.27,0.54,0.77,5488.12万,2.35亿,2.81,1.4779,437.10亿,437.10亿,1000740026,False
148,300406,九强生物,SZ,12.11,0.08,3.83,16.45,0.010,12.17,11.98,0.59,0.95,251.34万,3029.11万,6.51,1.9154,71.00亿,51.39亿,1000306347,False
149,002033,丽江股份,SZ,10.93,9.96,3.83,28.13,0.990,10.93,9.81,19.49,4.14,1.07亿,11.04亿,7.03,2.3470,60.06亿,60.06亿,1000002186,False
150,920892,广咨国际,BJ,14.75,1.03,3.82,23.34,0.150,14.89,14.64,0.43,1.20,65.00万,960.16万,5.84,5.7185,25.13亿,22.25亿,1000619541,False
151,600188,兖矿能源,SH,19.37,0.94,3.80,23.20,0.180,19.49,19.02,0.71,0.70,4260.06万,8.23亿,5.80,2.7111,1944.26亿,1154.71亿,1000000318,False
152,002406,远东传动,SZ,7.72,1.58,3.78,36.09,0.120,7.74,7.58,3.00,1.20,1804.12万,1.38亿,9.02,1.3841,56.37亿,46.49亿,1000008091,False
153,300146,汤臣倍健,SZ,11.13,-0.54,3.75,24.07,-0.060,11.21,11.08,1.37,1.37,1538.84万,1.71亿,6.02,1.8182,188.28亿,124.73亿,1000010201,False
154,600236,桂冠电力,SH,9.81,1.34,3.74,23.58,0.130,9.86,9.63,0.17,0.86,1339.63万,1.31亿,5.89,4.2373,773.26亿,773.26亿,1000001805,False
155,001965,招商公路,SZ,9.26,1.20,3.70,13.65,0.110,9.29,9.07,0.22,0.92,1473.94万,1.36亿,3.41,0.9125,629.23亿,629.23亿,1001236094,False
156,603899,晨光股份,SH,25.75,0.78,3.70,18.10,0.200,26.18,25.55,0.31,1.18,289.01万,7491.58万,4.52,2.5534,237.15亿,237.15亿,1000305038,False
157,601528,瑞丰银行,SH,5.28,0.00,3.68,5.27,0.000,5.30,5.25,0.65,0.88,1124.91万,5930.35万,1.32,0.5262,103.60亿,91.58亿,1000828320,False
158,600598,北大荒,SH,16.23,0.74,3.68,24.74,0.120,16.25,15.85,1.77,1.00,3152.72万,5.07亿,6.19,3.6050,288.52亿,288.52亿,1000000694,False
159,601156,东航物流,SH,17.33,-0.06,3.68,10.24,-0.010,17.46,17.12,0.59,0.71,560.59万,9683.07万,2.56,1.3931,275.12亿,163.70亿,1001908727,False
160,603288,海天味业,SH,40.74,-0.44,3.67,33.87,-0.180,41.40,40.50,0.21,0.85,1168.15万,4.78亿,8.47,6.0240,2384.03亿,2265.39亿,1000012439,False
161,000999,华润三九,SZ,27.80,-0.89,3.65,13.52,-0.250,28.08,27.74,0.91,0.99,1520.91万,4.23亿,3.38,2.0867,462.65亿,462.23亿,1000002469,False
162,002303,美盈森,SZ,3.37,0.90,3.62,19.78,0.030,3.37,3.32,1.64,0.80,1587.99万,5327.12万,4.94,1.1580,51.61亿,32.58亿,1000008149,False
163,603062,麦加芯彩,SH,50.44,1.86,3.62,25.92,0.920,50.67,49.28,2.57,0.84,95.43万,4799.48万,6.48,2.6076,54.48亿,18.70亿,1003258445,False
164,603345,安井食品,SH,94.89,0.09,3.61,23.27,0.090,95.93,94.20,1.18,0.81,347.02万,3.29亿,5.82,2.0413,316.26亿,278.31亿,1000324641,False
165,300908,仲景食品,SZ,29.24,2.31,3.61,22.26,0.660,29.32,28.48,2.14,2.41,263.81万,7642.26万,5.56,2.3740,42.69亿,36.08亿,1000576675,False
166,002533,金杯电工,SZ,13.79,0.95,3.61,16.87,0.130,13.80,13.41,2.95,1.10,1882.19万,2.57亿,4.22,2.2125,101.21亿,87.93亿,1000008256,False
167,000739,普洛药业,SZ,18.06,1.18,3.60,23.49,0.210,18.18,17.72,0.70,1.19,812.87万,1.46亿,5.87,3.3007,209.21亿,209.14亿,1000002515,False
168,002345,潮宏基,SZ,10.82,1.60,3.60,19.34,0.170,10.90,10.61,1.89,1.19,1641.79万,1.77亿,4.84,2.5542,96.14亿,93.83亿,1000008356,False
169,600018,上港集团,SH,4.98,-0.20,3.60,8.55,-0.010,5.01,4.97,0.16,1.15,3624.47万,1.81亿,2.14,0.8226,1159.34亿,1157.69亿,1000004109,False
170,002469,三维化学,SZ,8.86,6.11,3.59,30.83,0.510,8.96,8.36,5.07,2.82,3184.47万,2.79亿,7.71,2.1696,57.49亿,55.68亿,1000008283,False
171,600583,海油工程,SH,7.26,2.40,3.57,15.40,0.170,7.33,7.05,1.64,1.02,7256.13万,5.26亿,3.85,1.2077,320.99亿,320.99亿,1000000572,False
172,600989,宝丰能源,SH,28.16,-0.95,3.57,18.19,-0.270,28.49,28.04,1.08,0.71,7950.15万,22.41亿,4.55,4.2676,2065.07亿,2065.07亿,1001247908,False
173,000791,甘肃能源,SZ,8.13,1.37,3.57,12.86,0.110,8.29,7.88,3.55,1.00,6878.87万,5.59亿,3.21,1.7523,263.72亿,157.37亿,1000000515,False
174,601872,招商轮船,SH,18.08,-1.95,3.56,24.28,-0.360,18.69,18.00,1.45,0.62,1.17亿,21.41亿,6.07,3.3946,1459.88亿,1459.88亿,1000006672,False
175,301283,聚胶股份,SZ,49.90,8.10,3.56,20.99,3.740,50.69,47.15,5.56,4.18,351.64万,1.72亿,5.25,2.3702,40.13亿,31.58亿,1002618220,False
176,600874,创业环保,SH,6.14,0.66,3.52,11.18,0.040,6.15,6.07,0.66,0.70,807.81万,4937.09万,2.80,0.9399,96.42亿,75.55亿,1000004046,False
177,600648,外高桥,SH,10.66,-0.47,3.47,15.50,-0.050,10.78,10.57,0.41,1.19,465.97万,4964.27万,3.87,0.9093,144.97亿,121.29亿,1000002133,False
178,000989,九芝堂,SZ,9.74,-1.42,3.44,37.45,-0.140,9.87,9.64,4.06,1.47,2819.32万,2.74亿,9.36,2.2400,83.37亿,67.61亿,1000002461,False
179,603697,有友食品,SH,9.95,0.81,3.43,22.93,0.080,9.98,9.80,0.94,0.95,402.60万,3989.75万,5.73,2.4019,42.56亿,42.56亿,1000611302,False
180,600999,招商证券,SH,15.85,0.00,3.41,11.16,0.000,15.97,15.82,0.40,0.95,2956.94万,4.70亿,2.79,1.1391,1378.40亿,1176.39亿,1000001460,False
181,603611,诺力股份,SH,20.70,1.02,3.41,12.42,0.210,20.72,20.44,0.99,1.09,255.06万,5258.94万,3.11,1.6803,53.32亿,53.32亿,1000303916,False
182,002690,美亚光电,SZ,18.27,0.77,3.40,22.41,0.140,18.32,18.16,0.82,1.00,354.09万,6469.52万,5.60,5.5068,161.18亿,79.25亿,1000010280,False
183,002532,天山铝业,SZ,19.69,6.72,3.40,18.92,1.240,19.76,18.70,2.03,1.27,8319.73万,16.04亿,4.73,3.1310,911.40亿,808.64亿,1000008000,False
184,300532,今天国际,SZ,11.93,1.97,3.40,23.04,0.230,11.96,11.71,1.59,0.87,688.38万,8163.88万,5.76,3.0214,54.17亿,51.51亿,1000010622,False
185,600507,方大特钢,SH,6.05,10.00,3.40,14.85,0.550,6.05,5.54,4.01,4.55,9268.88万,5.48亿,3.71,1.3783,139.95亿,139.95亿,1000001146,False
186,920599,同力股份,BJ,18.55,0.16,3.38,10.22,0.030,18.65,18.43,0.87,0.84,303.87万,5242.81万,2.56,2.3792,85.80亿,65.03亿,1000531874,False
187,600000,浦发银行,SH,10.00,-1.09,3.38,6.66,-0.110,10.17,9.98,0.13,0.96,4370.23万,4.39亿,1.66,0.4523,3330.58亿,3330.58亿,1000002165,False
188,605117,德业股份,SH,139.99,2.71,3.37,40.15,3.690,143.43,135.18,2.18,0.88,1980.14万,27.60亿,10.04,12.2539,1272.97亿,1272.97亿,1001898976,False
189,601766,中国中车,SH,6.19,0.00,3.37,13.48,0.000,6.21,6.16,0.38,0.90,9276.79万,5.73亿,3.37,1.0321,1776.46亿,1505.89亿,1000007077,False
190,601019,山东出版,SH,7.72,-0.39,3.36,13.72,-0.030,7.76,7.69,1.06,0.95,2201.83万,1.70亿,3.43,1.0472,161.11亿,161.11亿,1000607557,False
191,001233,海安集团,SZ,69.39,-1.34,3.35,20.18,-0.940,71.79,69.20,5.01,0.80,177.20万,1.24亿,0.00,2.8231,129.05亿,24.55亿,1003501080,False
192,300193,佳士科技,SZ,8.70,1.28,3.35,20.91,0.110,8.75,8.60,1.37,0.90,574.17万,4979.50万,5.23,1.7522,41.43亿,36.49亿,1000008622,False
193,601018,宁波港,SH,3.89,-0.51,3.31,14.64,-0.020,3.91,3.84,0.18,0.91,3475.35万,1.35亿,3.66,0.9371,756.78亿,756.78亿,1000008162,False
194,600332,白云山,SH,22.92,-0.35,3.30,12.49,-0.080,23.00,22.87,0.60,1.02,844.62万,1.93亿,3.12,0.9861,372.63亿,322.23亿,1000001968,False
195,920663,明阳科技,BJ,16.20,1.00,3.30,25.34,0.160,16.31,16.00,1.17,0.27,75.28万,1216.04万,6.34,5.3282,21.64亿,10.38亿,1000658977,False
196,601326,秦港股份,SH,3.57,-1.38,3.30,12.42,-0.050,3.63,3.55,0.65,0.75,3094.77万,1.11亿,3.10,0.9763,199.47亿,169.84亿,1000013359,False
197,600269,赣粤高速,SH,4.51,0.00,3.28,8.23,0.000,4.54,4.48,0.42,0.80,974.99万,4388.55万,2.06,0.5401,105.33亿,105.33亿,1000001931,False
198,600026,中远海能,SH,21.99,-1.92,3.25,29.77,-0.430,22.65,21.89,1.85,0.78,6436.62万,14.24亿,7.44,2.5898,1201.80亿,764.10亿,1000002336,False
199,002507,涪陵榨菜,SZ,12.40,-0.08,3.25,18.63,-0.010,12.43,12.35,0.59,0.99,671.64万,8317.06万,4.66,1.6352,143.09亿,142.27亿,1000008056,False
200,601288,农业银行,SH,7.00,0.72,3.25,8.42,0.050,7.10,6.91,0.14,1.35,4.44亿,31.11亿,2.10,0.8858,2.45万亿,2.23万亿,1000000722,False
