序号,代码,名称,市场代码简称,最新价(元) 2026.04.16,涨跌幅(%) 2026.04.16,市盈率(TTM)(倍) 2026.04.16,涨跌额(元) 2026.04.16,最高价(元) 2026.04.16,最低价(元) 2026.04.16,换手率(%) 2026.04.16,量比 2026.04.16,成交量(股) 2026.04.16,成交额(元) 2026.04.16,市盈率(动)(倍) 2026.04.16,市净率(倍) 2026.04.16,总市值(元) 2026.04.16,流通市值(元) 2026.04.16,CHOICE_INNER_CODE,IN_OPTIONAL
1,600584,长电科技,SH,43.73,0.32,49.99,0.140,44.02,43.20,2.47,0.71,4424.33万,19.31亿,12.50,2.7293,782.51亿,782.51亿,1000001714,False
2,688271,联影医疗,SH,114.51,0.45,49.99,0.510,115.00,113.43,0.48,1.01,399.09万,4.56亿,21.06,4.3712,943.74亿,943.74亿,1002895591,False
3,688798,艾为电子,SH,67.94,1.10,49.96,0.740,68.09,67.01,2.19,1.31,296.66万,2.01亿,12.49,3.7745,158.39亿,92.22亿,1002401505,False
4,300623,捷捷微电,SZ,28.61,0.03,49.94,0.010,28.75,28.36,1.59,0.97,1217.04万,3.48亿,12.49,3.9470,238.06亿,219.54亿,1000350710,False
5,000803,山高环能,SZ,8.29,1.10,49.93,0.090,8.33,8.13,2.24,0.58,1029.30万,8467.10万,18.37,2.6330,38.66亿,38.12亿,1000000855,False
6,300398,飞凯材料,SZ,29.20,5.57,49.92,1.540,29.67,27.44,9.91,1.57,5589.42万,16.06亿,14.23,3.3643,165.55亿,164.64亿,1000305978,False
7,688486,龙迅股份,SH,67.95,5.45,49.92,3.510,68.67,66.15,3.06,1.59,407.72万,2.76亿,59.48,5.6709,90.60亿,90.59亿,1002422299,False
8,603928,兴业股份,SH,14.85,0.95,49.90,0.140,14.89,14.61,1.03,0.99,269.57万,3980.44万,13.14,2.5109,38.92亿,38.92亿,1000385952,False
9,301397,溯联股份,SZ,36.94,7.23,49.88,2.490,37.20,34.40,12.00,1.07,848.60万,3.07亿,14.19,2.9344,57.50亿,26.13亿,1002687776,False
10,000426,兴业银锡,SZ,44.75,2.01,49.85,0.880,45.19,43.78,2.95,0.87,5245.53万,23.33亿,14.56,8.6762,794.60亿,794.40亿,1000001817,False
11,000034,神州数码,SZ,35.93,2.95,49.81,1.030,36.10,34.90,3.51,1.17,2129.22万,7.60亿,12.45,2.3667,260.49亿,217.85亿,1000009572,False
12,600650,锦江在线,SH,12.82,1.58,49.81,0.200,12.88,12.63,1.01,1.06,393.62万,5026.03万,12.45,1.6019,70.72亿,50.07亿,1000002169,False
13,603130,云中马,SH,37.88,2.02,49.81,0.750,37.97,37.10,1.16,1.31,159.14万,5968.43万,12.45,3.6673,52.09亿,52.09亿,1002793746,False
14,920455,汇隆活塞,BJ,7.64,0.92,49.79,0.070,7.65,7.49,0.55,0.81,51.24万,389.76万,12.45,3.9385,13.56亿,7.16亿,1000503827,False
15,301289,国缆检测,SZ,55.66,0.49,49.74,0.270,55.99,54.84,0.74,1.02,57.05万,3164.46万,16.44,4.3929,43.41亿,43.14亿,1002668540,False
16,002161,远 望 谷,SZ,7.34,1.38,49.72,0.100,7.36,7.15,2.29,0.87,1611.83万,1.18亿,9.38,3.2311,54.30亿,51.73亿,1000007011,False
17,688006,杭可科技,SH,30.31,3.27,49.67,0.960,31.68,29.50,4.12,1.66,2485.00万,7.62亿,12.42,3.3935,182.97亿,182.97亿,1001535757,False
18,300827,上能电气,SZ,38.13,1.90,49.62,0.710,38.40,37.25,5.98,0.66,2301.86万,8.75亿,17.07,5.2386,212.27亿,146.89亿,1000818965,False
19,301011,华立科技,SZ,22.19,3.40,49.61,0.730,22.28,21.46,2.42,1.40,355.16万,7812.77万,12.40,3.5742,34.25亿,32.52亿,1002218866,False
20,920005,鼎佳精密,BJ,36.06,-0.55,49.61,-0.200,36.53,36.04,1.68,0.75,36.10万,1307.36万,13.78,4.6366,29.93亿,7.75亿,1003356294,False
21,603081,大丰实业,SH,12.22,0.99,49.61,0.120,12.27,12.05,1.18,1.04,498.42万,6059.55万,14.02,1.6149,51.63亿,51.63亿,1000501654,False
22,920405,海希通讯,BJ,20.81,0.63,49.59,0.130,21.02,20.61,0.92,0.68,100.76万,2089.98万,15.17,3.5874,29.19亿,22.91亿,1000379773,False
23,600276,恒瑞医药,SH,57.47,-0.45,49.47,-0.260,58.00,57.02,0.91,0.83,5767.18万,33.12亿,12.37,6.2253,3814.40亿,3661.21亿,1000001934,False
24,300031,宝通科技,SZ,21.38,2.20,49.45,0.460,21.48,21.07,2.36,1.54,830.31万,1.77亿,10.72,2.2040,89.53亿,75.24亿,1000008111,False
25,300192,科德教育,SZ,19.72,4.23,49.45,0.800,19.90,18.88,4.24,1.74,1377.02万,2.69亿,17.55,6.8465,64.91亿,64.02亿,1000008737,False
26,600392,盛和资源,SH,25.41,3.46,49.38,0.850,25.50,24.43,4.29,0.97,7518.74万,18.88亿,14.14,3.3472,445.39亿,445.39亿,1000001713,False
27,603678,火炬电子,SH,33.20,0.27,49.38,0.090,33.29,32.90,1.62,0.85,768.62万,2.55亿,12.34,2.5809,157.89亿,157.89亿,1000319212,False
28,600237,铜峰电子,SH,9.38,-1.16,49.34,-0.110,9.48,9.24,6.11,1.15,3817.11万,3.57亿,12.34,3.0153,59.16亿,58.59亿,1000001806,False
29,603662,柯力传感,SH,56.90,0.73,49.32,0.410,57.31,56.40,0.89,0.83,250.95万,1.43亿,15.72,5.8028,159.79亿,159.79亿,1001042719,False
30,600183,生益科技,SH,67.56,0.99,49.22,0.660,68.14,66.01,2.21,0.77,5302.50万,35.64亿,16.79,9.8132,1641.11亿,1617.73亿,1000000314,False
31,688768,容知日新,SH,46.93,1.87,49.21,0.860,47.10,45.82,1.33,0.83,116.36万,5446.57万,38.38,3.7412,41.29亿,40.95亿,1002416155,False
32,300820,英杰电气,SZ,47.07,0.73,49.18,0.340,47.18,46.45,1.82,0.82,202.94万,9520.90万,13.55,4.1613,104.61亿,52.61亿,1000010958,False
33,301680,固德电材,SZ,106.40,-1.46,49.18,-1.580,108.43,105.30,14.42,0.74,242.28万,2.57亿,49.18,4.7523,88.10亿,17.88亿,1004295734,False
34,300580,贝斯特,SZ,27.20,1.34,49.15,0.360,27.36,26.66,3.11,0.93,1471.35万,3.98亿,12.29,4.1537,136.63亿,128.55亿,1000402164,False
35,300999,金龙鱼,SZ,28.57,1.13,49.13,0.320,28.59,28.19,1.64,1.15,889.37万,2.52亿,14.09,1.6063,1548.95亿,155.03亿,1001914302,False
36,920519,万德股份,BJ,11.88,0.17,49.08,0.020,11.92,11.70,1.52,1.58,95.66万,1126.11万,23.71,2.0240,10.60亿,7.48亿,1000595982,False
37,301333,诺思格,SZ,69.48,0.32,49.02,0.220,70.07,67.77,1.89,0.87,182.13万,1.26亿,12.25,3.4095,67.10亿,67.01亿,1000734443,False
38,001356,富岭股份,SZ,11.12,0.91,49.00,0.100,11.14,11.00,1.11,1.12,222.46万,2464.10万,21.09,3.2104,65.53亿,22.31亿,1003137071,False
39,603888,新华网,SH,20.42,1.95,48.94,0.390,20.47,20.07,1.39,1.07,936.33万,1.90亿,16.93,3.7449,137.78亿,137.78亿,1000326745,False
40,300073,当升科技,SZ,56.85,1.16,48.94,0.650,57.74,56.16,3.15,0.80,1593.42万,9.08亿,12.23,2.1060,309.43亿,287.64亿,1000008167,False
41,601231,环旭电子,SH,37.95,3.63,48.92,1.330,38.41,36.21,2.04,0.72,4868.85万,18.24亿,12.23,4.0198,906.67亿,906.67亿,1000008567,False
42,000937,冀中能源,SZ,5.55,0.36,48.87,0.020,5.56,5.52,0.40,0.86,1367.57万,7581.76万,12.04,1.0289,196.11亿,190.55亿,1000001339,False
43,300788,中信出版,SZ,33.41,0.09,48.83,0.030,33.54,32.42,4.08,1.18,775.32万,2.56亿,12.21,2.8835,63.53亿,63.53亿,1001002487,False
44,000539,粤电力Ａ,SZ,5.58,0.90,48.83,0.050,5.60,5.44,2.37,0.77,6048.56万,3.35亿,12.21,1.2496,292.97亿,142.59亿,1000002302,False
45,300851,交大思诺,SZ,29.25,2.67,48.76,0.760,29.35,28.23,1.70,0.88,92.22万,2667.85万,27.32,1.9802,25.43亿,15.83亿,1001247923,False
46,688708,佳驰科技,SH,53.15,0.64,48.74,0.340,53.25,52.50,0.45,0.44,64.42万,3411.95万,21.38,6.0767,212.61亿,75.62亿,1003125057,False
47,605003,众望布艺,SH,28.88,0.98,48.74,0.280,29.28,28.50,0.91,0.88,99.95万,2883.33万,15.16,2.2090,31.77亿,31.77亿,1001881456,False
48,603708,家家悦,SH,11.42,0.18,48.70,0.020,11.47,11.33,0.50,0.74,318.69万,3631.38万,8.86,3.0924,72.90亿,72.90亿,1000326752,False
49,001257,盛龙股份,SZ,23.43,-1.43,48.67,-0.340,23.76,22.88,21.29,0.75,2915.79万,6.78亿,0.00,5.9411,430.16亿,32.09亿,1004250314,False
50,600354,敦煌种业,SH,6.37,1.11,48.64,0.070,6.38,6.20,4.47,1.08,2360.68万,1.49亿,22.58,4.8799,33.62亿,33.62亿,1000001755,False
51,300247,融捷健康,SZ,4.65,0.87,48.59,0.040,4.66,4.59,1.21,0.92,974.83万,4511.61万,14.05,3.3094,37.39亿,37.35亿,1000008352,False
52,300508,维宏股份,SZ,39.14,1.35,48.52,0.520,39.36,38.57,1.75,0.70,143.10万,5585.54万,12.13,4.9457,42.60亿,32.09亿,1000321628,False
53,600452,涪陵电力,SH,12.29,1.24,48.40,0.150,12.39,11.96,2.17,0.89,3335.54万,4.08亿,15.96,3.4510,188.84亿,188.84亿,1000002282,False
54,002203,海亮股份,SZ,15.81,2.46,48.37,0.380,15.96,15.33,1.72,0.96,3800.48万,5.97亿,9.80,2.1860,362.33亿,349.74亿,1000006683,False
55,605123,派克新材,SH,100.66,0.66,48.33,0.660,101.36,99.16,2.33,1.04,281.97万,2.83亿,12.08,2.6666,121.97亿,121.97亿,1001881515,False
56,000800,一汽解放,SZ,7.11,0.71,48.29,0.050,7.13,7.00,0.37,0.68,1809.00万,1.28亿,12.07,1.3218,349.90亿,349.87亿,1000000852,False
57,002402,和而泰,SZ,31.91,1.88,48.22,0.590,32.08,31.30,3.31,1.00,2694.16万,8.56亿,12.23,5.6158,295.05亿,259.63亿,1000008337,False
58,605089,味知香,SH,25.40,1.84,48.21,0.460,25.40,24.72,1.44,1.06,198.22万,4957.09万,16.57,2.8572,35.05亿,35.05亿,1002116024,False
59,000530,冰山冷热,SZ,6.06,2.02,48.18,0.120,6.07,5.91,2.53,1.04,1518.02万,9135.77万,14.15,1.6057,51.10亿,36.36亿,1000004098,False
60,002787,华源控股,SZ,16.31,-2.22,48.18,-0.370,16.73,15.66,17.27,1.35,4333.42万,7.06亿,12.04,2.9565,54.67亿,40.92亿,1000310894,False
61,300699,光威复材,SZ,34.95,-0.14,48.15,-0.050,35.13,34.40,2.42,1.15,1986.92万,6.91亿,12.04,5.1099,290.56亿,287.08亿,1000576678,False
62,600967,内蒙一机,SH,14.77,0.07,48.15,0.010,14.80,14.68,0.80,0.60,1367.01万,2.01亿,16.27,2.1187,251.36亿,251.36亿,1000002353,False
63,688608,恒玄科技,SH,169.31,0.73,48.08,1.230,169.98,166.50,2.60,1.09,438.08万,7.38亿,12.02,4.0498,285.62亿,285.62亿,1002222118,False
64,688588,凌志软件,SH,12.21,2.01,48.08,0.240,12.23,11.99,0.97,1.21,388.81万,4721.44万,12.62,3.9768,48.84亿,48.84亿,1000740033,False
65,688097,博众精工,SH,63.83,-0.09,48.06,-0.060,64.70,62.28,2.50,0.76,1113.60万,7.05亿,12.01,5.9646,285.10亿,284.05亿,1001816146,False
66,920974,凯大催化,BJ,7.56,1.07,48.04,0.080,7.58,7.44,1.23,0.97,157.90万,1187.37万,12.05,1.9391,12.38亿,9.71亿,1000336802,False
67,002523,天桥起重,SZ,4.08,1.24,48.03,0.050,4.09,4.01,1.20,1.06,1699.75万,6899.23万,16.96,2.3071,57.80亿,57.59亿,1000008154,False
68,002998,优彩资源,SZ,9.27,5.58,47.97,0.490,9.33,8.75,6.00,0.84,1622.58万,1.47亿,25.68,1.8717,32.89亿,25.07亿,1001855448,False
69,605128,上海沿浦,SH,35.22,0.03,47.94,0.010,35.55,35.02,0.80,0.93,168.34万,5926.98万,14.69,3.5725,74.36亿,74.36亿,1001670454,False
70,603376,大明电子,SH,33.82,1.11,47.85,0.370,33.97,33.50,3.24,1.04,100.52万,3392.10万,0.00,8.0358,135.28亿,10.50亿,1003354131,False
71,688625,呈和科技,SH,71.54,4.85,47.84,3.310,72.50,67.10,2.79,1.01,525.83万,3.69亿,14.79,8.8917,134.72亿,134.72亿,1002269134,False
72,688472,阿特斯,SH,13.39,1.44,47.77,0.190,13.45,13.09,3.00,0.94,4045.53万,5.40亿,12.33,2.0771,487.82亿,180.45亿,1002681192,False
73,688092,爱科科技,SH,29.42,2.51,47.77,0.720,29.50,28.65,1.36,1.28,112.79万,3284.16万,16.33,3.6859,24.32亿,24.32亿,1002225920,False
74,605198,安德利,SH,47.17,6.77,47.72,2.990,48.10,43.90,1.79,1.84,484.54万,2.25亿,11.93,5.6709,157.64亿,127.61亿,1001716610,False
75,688026,洁特生物,SH,16.38,0.99,47.69,0.160,16.47,16.07,1.15,1.26,161.48万,2630.93万,10.03,1.8906,22.99亿,22.98亿,1001030476,False
76,600482,中国动力,SH,39.00,5.63,47.68,2.080,39.50,36.51,2.33,0.88,5295.44万,20.36亿,18.31,2.1996,884.62亿,884.62亿,1000002016,False
77,000938,紫光股份,SZ,28.09,2.22,47.66,0.610,28.68,27.50,5.27,0.94,1.51亿,42.48亿,11.92,5.4480,803.40亿,803.39亿,1000001344,False
78,600776,东方通信,SH,15.62,1.69,47.66,0.260,15.69,15.30,1.77,0.96,1689.41万,2.62亿,13.46,5.1890,196.19亿,149.33亿,1000002092,False
79,002399,海普瑞,SZ,11.35,-0.79,47.65,-0.090,11.46,11.29,0.28,0.73,345.35万,3924.77万,11.91,1.3842,166.54亿,141.56亿,1000008099,False
80,301080,百普赛斯,SZ,49.23,-2.13,47.64,-1.070,50.25,48.89,4.10,0.90,517.19万,2.55亿,15.54,3.1146,82.30亿,62.03亿,1002404060,False
81,300408,三环集团,SZ,65.07,-0.38,47.63,-0.250,65.83,64.23,1.28,0.75,2392.97万,15.52亿,11.91,5.7578,1247.06亿,1216.68亿,1000327176,False
82,301500,飞南资源,SZ,24.34,2.96,47.62,0.700,24.65,23.41,10.24,0.66,1475.61万,3.56亿,11.90,2.8661,136.78亿,35.06亿,1002485167,False
83,301682,宏明电子,SZ,124.75,-0.76,47.58,-0.960,128.00,123.60,24.31,1.02,624.50万,7.80亿,0.00,3.1177,151.63亿,32.04亿,1004265976,False
84,603267,鸿远电子,SH,51.43,0.47,47.56,0.240,51.80,50.94,1.78,0.73,410.44万,2.11亿,11.89,2.6879,118.84亿,118.84亿,1001011301,False
85,688628,优利德,SH,64.83,0.50,47.53,0.320,65.98,63.38,2.55,0.62,285.43万,1.84亿,13.41,5.7207,72.46亿,72.46亿,1002251545,False
86,002463,沪电股份,SZ,94.40,1.75,47.53,1.620,95.46,91.91,4.02,0.78,7729.29万,72.46亿,11.88,12.0203,1816.60亿,1815.13亿,1000006938,False
87,301059,金三江,SZ,14.17,2.31,47.50,0.320,14.18,13.79,1.23,1.06,253.83万,3561.08万,15.38,5.3614,32.75亿,29.29亿,1002298457,False
88,920706,铁拓机械,BJ,24.76,-0.72,47.48,-0.180,24.79,24.19,5.08,0.81,241.94万,5919.92万,11.87,3.8543,22.88亿,11.80亿,1002931128,False
89,920066,科拜尔,BJ,21.37,0.56,47.48,0.120,21.43,21.19,1.83,1.05,36.44万,777.67万,15.55,3.3435,13.43亿,4.25亿,1003946185,False
90,301363,美好医疗,SZ,26.21,0.61,47.46,0.160,26.32,25.82,1.36,0.75,509.04万,1.33亿,17.90,4.0776,149.10亿,97.82亿,1002613003,False
91,002826,易明医药,SZ,21.37,6.69,47.45,1.340,21.66,19.85,5.27,2.29,965.16万,2.01亿,12.46,5.0798,40.75亿,39.10亿,1000653867,False
92,002988,豪美新材,SZ,34.33,-0.15,47.44,-0.050,34.80,33.70,1.93,0.45,481.94万,1.65亿,14.97,3.1996,85.75亿,85.75亿,1001825993,False
93,601112,振石股份,SH,20.00,0.40,47.42,0.080,20.27,19.93,6.02,0.70,1066.70万,2.14亿,47.42,5.3990,348.07亿,35.45亿,1004293303,False
94,301031,中熔电气,SZ,149.06,2.90,47.42,4.200,151.65,144.50,3.95,1.49,271.86万,4.03亿,15.13,10.4183,146.56亿,102.58亿,1002304097,False
95,002050,三花智控,SZ,45.78,1.49,47.42,0.670,46.66,45.41,2.51,1.12,9249.23万,42.44亿,11.85,6.0677,1926.43亿,1686.63亿,1000001787,False
96,300856,科思股份,SZ,12.58,0.80,47.40,0.100,12.60,12.45,0.43,0.83,196.13万,2457.00万,19.20,2.2368,59.84亿,57.83亿,1001855439,False
97,300790,宇瞳光学,SZ,30.18,1.89,47.40,0.560,30.59,29.05,6.47,0.63,2101.42万,6.28亿,15.02,4.3550,112.91亿,97.97亿,1001402303,False
98,301323,新莱福,SZ,64.08,0.93,47.37,0.590,64.49,62.13,3.65,0.59,246.92万,1.57亿,16.20,3.1139,67.66亿,43.36亿,1002681433,False
99,301479,弘景光电,SZ,102.55,2.70,47.31,2.700,104.74,97.53,9.28,1.56,472.78万,4.78亿,16.11,7.1149,91.23亿,52.23亿,1003515216,False
100,002410,广联达,SZ,11.59,1.76,47.26,0.200,11.62,11.44,1.82,1.13,2855.04万,3.30亿,11.82,3.1656,191.46亿,181.98亿,1000007953,False
101,688138,清溢光电,SH,28.08,1.48,47.23,0.410,28.22,27.61,0.63,0.89,198.29万,5540.96万,15.37,3.1843,88.40亿,88.40亿,1000596978,False
102,600186,莲花控股,SH,8.14,5.85,47.21,0.450,8.37,7.54,18.47,1.50,3.29亿,26.25亿,14.43,7.4371,145.93亿,144.92亿,1000000316,False
103,601678,滨化股份,SH,5.10,0.59,47.18,0.030,5.14,5.03,1.70,0.63,3478.24万,1.77亿,13.64,0.9178,104.90亿,104.21亿,1000008285,False
104,601155,新城控股,SH,14.22,0.14,47.16,0.020,14.56,14.09,0.71,0.99,1590.44万,2.27亿,11.79,0.5207,320.75亿,320.75亿,1000601567,False
105,301361,众智科技,SZ,39.10,2.71,47.15,1.030,39.27,37.70,9.12,1.16,277.52万,1.07亿,11.79,3.7132,45.49亿,11.90亿,1002678784,False
106,605365,立达信,SH,25.01,5.66,47.15,1.340,25.02,23.14,4.72,2.82,2371.70万,5.77亿,24.66,3.3676,125.55亿,125.55亿,1002281109,False
107,600429,三元股份,SH,5.83,0.52,47.11,0.030,5.93,5.74,1.11,0.71,1659.05万,9693.70万,9.27,1.6719,87.57亿,87.31亿,1000001144,False
108,605258,协和电子,SH,37.08,1.73,47.02,0.630,37.44,36.33,4.81,0.84,423.52万,1.57亿,18.24,2.7332,32.63亿,32.63亿,1001898999,False
109,300950,德固特,SZ,21.74,1.73,47.00,0.370,21.86,21.21,2.01,1.14,182.49万,3941.75万,11.51,4.1702,33.28亿,19.78亿,1002097000,False
110,300306,远方信息,SZ,12.49,1.54,46.99,0.190,12.55,12.27,1.64,1.01,258.70万,3219.37万,11.75,2.2570,33.59亿,19.68亿,1000008691,False
111,920770,艾能聚,BJ,15.62,1.36,46.93,0.210,15.66,15.37,1.76,0.66,144.01万,2237.25万,10.26,3.2976,20.33亿,12.79亿,1000548186,False
112,301539,宏鑫科技,SZ,19.37,1.10,46.91,0.210,19.43,19.03,1.70,1.03,127.70万,2462.77万,16.43,3.5151,28.67亿,14.54亿,1003067312,False
113,300221,银禧科技,SZ,10.96,6.20,46.89,0.640,11.05,10.26,6.61,1.86,3021.50万,3.24亿,11.72,3.5430,51.92亿,50.11亿,1000008176,False
114,601618,中国中冶,SH,2.99,0.00,46.88,0.000,3.01,2.98,0.40,0.78,7142.98万,2.14亿,11.72,0.6095,619.64亿,533.79亿,1000007968,False
115,000869,张  裕Ａ,SZ,19.15,-0.78,46.83,-0.150,19.30,19.12,0.25,1.37,115.10万,2208.19万,16.78,1.2041,125.86亿,87.15亿,1000002232,False
116,603999,读者传媒,SH,6.95,1.16,46.82,0.080,7.01,6.83,1.14,1.02,653.89万,4527.93万,11.71,1.9376,40.03亿,40.03亿,1000309233,False
117,002166,莱茵生物,SZ,9.02,-0.11,46.74,-0.010,9.05,8.91,1.16,0.77,854.95万,7677.97万,11.68,2.1193,66.89亿,66.62亿,1000006626,False
118,601126,四方股份,SH,46.50,3.22,46.74,1.450,46.50,43.80,3.86,1.09,3187.92万,14.47亿,11.68,7.9149,387.42亿,383.66亿,1000005700,False
119,603739,蔚蓝生物,SH,15.43,1.18,46.72,0.180,15.45,15.12,1.36,0.86,344.82万,5271.13万,15.80,2.2008,39.04亿,39.04亿,1001037509,False
120,000911,广农糖业,SZ,5.86,2.09,46.68,0.120,5.89,5.65,2.86,1.21,1144.53万,6620.00万,-133.53,19.5423,23.46亿,23.46亿,1000001117,False
121,002051,中工国际,SZ,11.59,-2.61,46.66,-0.310,11.93,11.40,12.99,1.00,1.61亿,18.68亿,14.53,1.2318,143.42亿,143.41亿,1000000519,False
122,603511,爱慕股份,SH,14.21,-0.14,46.59,-0.020,14.39,14.15,0.44,1.26,176.50万,2519.00万,14.19,1.3187,57.42亿,57.11亿,1002284326,False
123,603137,恒尚节能,SH,13.48,1.05,46.59,0.140,13.49,13.20,2.57,1.06,189.84万,2541.54万,13.10,1.9835,24.66亿,9.94亿,1002900205,False
124,002696,百洋股份,SZ,6.92,2.22,46.58,0.150,6.96,6.70,1.93,0.92,645.66万,4416.95万,16.59,1.7466,23.97亿,23.15亿,1000010310,False
125,603860,中公高科,SH,31.83,2.38,46.55,0.740,31.98,30.80,1.65,0.85,110.08万,3466.02万,11.64,2.5265,21.22亿,21.22亿,1000305482,False
126,600789,鲁抗医药,SH,8.38,-1.18,46.40,-0.100,8.45,8.34,1.86,1.07,1669.27万,1.40亿,15.51,1.7027,87.59亿,75.31亿,1000002152,False
127,002440,闰土股份,SZ,11.87,1.37,46.39,0.160,11.93,11.65,2.48,0.59,2351.67万,2.77亿,14.82,1.4047,133.42亿,112.33亿,1000008334,False
128,002015,协鑫能科,SZ,18.42,3.48,46.34,0.620,18.82,17.51,12.57,1.47,2.04亿,37.57亿,9.81,2.4235,299.02亿,299.02亿,1000002010,False
129,688696,极米科技,SH,94.92,4.34,46.33,3.950,95.66,90.01,1.82,1.88,127.76万,1.20亿,11.58,2.1995,66.46亿,66.46亿,1002237326,False
130,300801,泰和科技,SZ,26.64,0.99,46.33,0.260,26.78,26.18,2.59,0.67,354.02万,9402.36万,16.39,2.3193,58.19亿,36.36亿,1000602814,False
131,600487,亨通光电,SH,53.14,1.94,46.32,1.010,53.44,50.89,5.84,0.80,1.43亿,75.05亿,13.79,4.2585,1310.64亿,1299.37亿,1000001139,False
132,301132,满坤科技,SZ,42.76,2.52,46.27,1.050,43.19,41.39,8.39,1.25,794.88万,3.37亿,15.51,3.4871,63.32亿,40.51亿,1002649280,False
133,301393,昊帆生物,SZ,58.63,-1.63,46.23,-0.970,59.81,58.20,7.56,0.66,318.43万,1.87亿,15.95,2.7118,63.32亿,24.69亿,1002882434,False
134,000506,招金黄金,SZ,17.38,-0.63,46.22,-0.110,17.58,16.73,4.43,0.74,4110.12万,7.08亿,21.54,18.1604,161.46亿,161.41亿,1000004072,False
135,301131,聚赛龙,SZ,42.12,1.79,46.21,0.740,42.40,41.30,2.47,1.00,92.76万,3889.28万,15.25,2.1044,22.95亿,15.79亿,1002391443,False
136,688508,芯朋微,SH,65.49,2.73,46.16,1.740,66.17,63.39,2.83,0.81,371.82万,2.42亿,11.54,3.1550,86.00亿,86.00亿,1001117729,False
137,000025,特  力Ａ,SZ,16.29,0.80,46.15,0.130,16.30,16.06,0.85,1.08,332.92万,5388.84万,14.20,3.8852,70.22亿,63.98亿,1000009570,False
138,000573,粤宏远Ａ,SZ,4.96,5.31,46.14,0.250,5.00,4.64,6.88,0.85,4352.35万,2.12亿,11.54,1.9815,31.66亿,31.40亿,1000002394,False
139,300709,精研科技,SZ,42.34,-0.87,46.13,-0.370,42.99,42.22,4.15,0.86,618.91万,2.63亿,13.07,3.4323,78.78亿,63.21亿,1000740025,False
140,603125,常青科技,SH,18.00,0.00,46.08,0.000,18.12,17.86,0.45,0.65,181.67万,3272.04万,11.52,2.9773,72.87亿,72.87亿,1002891883,False
141,603229,奥翔药业,SH,10.24,-0.10,46.00,-0.010,10.31,10.11,1.20,0.84,997.07万,1.02亿,10.27,3.6221,85.02亿,85.02亿,1000492270,False
142,688269,凯立新材,SH,38.80,2.65,45.98,1.000,39.21,37.00,1.16,1.32,151.82万,5867.53万,15.26,4.8048,50.71亿,50.71亿,1002280934,False
143,920906,舜宇精工,BJ,23.61,0.55,45.96,0.130,23.68,23.33,1.05,0.68,35.18万,830.15万,10.42,2.6500,15.34亿,7.88亿,1000378406,False
144,002516,旷达科技,SZ,5.75,1.59,45.92,0.090,5.76,5.66,0.71,1.04,1040.73万,5948.62万,11.48,2.2391,84.57亿,83.80亿,1000010213,False
145,000630,铜陵有色,SZ,6.32,0.80,45.83,0.050,6.33,6.22,1.87,0.79,2.09亿,13.11亿,11.97,2.3905,847.48亿,704.24亿,1000004188,False
146,002827,高争民爆,SZ,32.74,1.74,45.81,0.560,32.80,31.94,0.98,1.03,271.64万,8816.45万,11.45,8.5015,90.70亿,90.36亿,1000625544,False
147,920806,云星宇,BJ,11.62,1.75,45.79,0.200,11.65,11.41,0.56,0.99,167.00万,1931.22万,35.39,2.2623,34.95亿,34.95亿,1003099113,False
148,603280,南方路机,SH,35.28,0.11,45.78,0.040,35.43,34.81,4.08,0.83,113.99万,4007.56万,12.42,2.8165,38.25亿,9.86亿,1002477250,False
149,301446,福事特,SZ,38.51,3.83,45.78,1.420,38.75,37.08,2.95,0.85,93.57万,3561.13万,15.06,3.3934,40.05亿,12.24亿,1003135110,False
150,920753,天纺标,BJ,18.45,0.22,45.68,0.040,18.55,17.97,1.08,0.94,34.93万,642.31万,16.29,3.7149,15.02亿,5.97亿,1000978959,False
151,000099,中信海直,SZ,18.17,3.00,45.67,0.530,18.60,17.51,2.31,1.64,1792.11万,3.24亿,11.42,2.5659,140.96亿,140.96亿,1000001924,False
152,688161,威高骨科,SH,30.63,-1.83,45.61,-0.570,31.19,30.36,0.56,0.90,224.86万,6884.10万,11.40,2.9562,122.52亿,122.52亿,1002270460,False
153,920270,天铭科技,BJ,15.72,-0.25,45.60,-0.040,15.94,15.59,0.88,0.79,71.15万,1116.88万,11.40,4.0204,16.45亿,12.75亿,1000596026,False
154,002981,朝阳科技,SZ,24.46,1.12,45.59,0.270,24.56,24.03,1.46,0.71,174.46万,4251.36万,11.40,3.1517,33.63亿,29.21亿,1000983349,False
155,002093,国脉科技,SZ,9.79,1.35,45.57,0.130,9.83,9.67,1.01,1.28,1019.60万,9944.75万,12.58,2.5701,98.63亿,98.63亿,1000006065,False
156,600116,三峡水利,SH,6.59,0.46,45.49,0.030,6.61,6.54,0.60,0.84,1148.96万,7558.09万,8.99,1.1217,126.01亿,126.01亿,1000002377,False
157,605056,咸亨国际,SH,28.25,0.57,45.47,0.160,28.60,27.70,1.99,0.45,804.02万,2.26亿,22.55,7.0263,115.65亿,113.96亿,1002250059,False
158,920339,恒太照明,BJ,8.22,-0.24,45.45,-0.020,8.26,8.17,0.47,1.02,71.36万,586.36万,11.10,2.9905,18.10亿,12.43亿,1001842768,False
159,301429,森泰股份,SZ,19.90,3.16,45.44,0.610,19.95,19.14,2.73,0.82,120.39万,2358.41万,13.57,1.7482,23.53亿,8.76亿,1002385891,False
160,603006,联明股份,SH,13.21,2.80,45.42,0.360,13.25,12.86,0.89,0.98,226.46万,2959.41万,14.37,2.5758,33.59亿,33.59亿,1000011537,False
161,603320,迪贝电气,SH,22.81,0.31,45.35,0.070,23.30,22.42,3.62,1.25,539.99万,1.23亿,13.08,2.9213,34.02亿,34.02亿,1000305970,False
162,000798,中水渔业,SZ,10.38,0.58,45.34,0.060,10.40,10.20,2.22,1.01,813.36万,8400.19万,11.34,8.7686,37.98亿,37.97亿,1000000850,False
163,002560,通达股份,SZ,13.91,-0.93,45.31,-0.130,14.19,13.00,29.12,0.88,1.32亿,18.14亿,11.33,2.6884,73.13亿,63.00亿,1000007307,False
164,301656,联合动力,SZ,21.77,0.23,45.30,0.050,21.81,21.66,2.65,0.76,540.15万,1.17亿,49.58,5.6622,523.52亿,44.33亿,1003811611,False
165,603040,新坐标,SH,86.02,6.98,45.29,5.610,87.18,80.76,2.08,1.88,282.94万,2.37亿,14.02,8.2607,117.38亿,116.77亿,1000402185,False
166,002913,奥士康,SZ,50.92,0.00,45.28,0.000,51.10,50.00,2.40,0.88,725.14万,3.67亿,14.30,3.6618,161.60亿,153.62亿,1000798971,False
167,001388,信通电子,SZ,39.92,1.19,45.24,0.470,39.95,39.03,4.11,1.43,128.10万,5067.60万,22.06,4.4676,62.28亿,12.46亿,1002797088,False
168,688196,卓越新能,SH,60.50,-1.00,45.23,-0.610,61.50,59.03,1.49,0.74,178.86万,1.07亿,11.49,2.4085,76.95亿,72.60亿,1000326754,False
169,300775,三角防务,SZ,37.72,-0.16,45.23,-0.060,37.90,36.98,4.18,0.97,2223.03万,8.33亿,13.75,3.5303,206.54亿,200.53亿,1001042692,False
170,301555,惠柏新材,SZ,36.13,1.32,45.21,0.470,36.16,35.20,4.11,0.93,198.68万,7122.91万,13.81,3.0232,33.34亿,17.47亿,1002675658,False
171,301585,蓝宇股份,SZ,28.60,2.29,45.14,0.640,28.66,27.74,1.59,1.98,108.48万,3066.22万,15.66,3.0816,29.74亿,19.48亿,1003258428,False
172,603829,洛凯股份,SH,27.53,-0.65,45.13,-0.180,27.80,27.00,2.74,0.86,509.75万,1.39亿,17.95,3.4196,51.28亿,51.28亿,1000740041,False
173,600833,第一医药,SH,11.68,0.60,45.12,0.070,11.70,11.39,1.71,0.77,381.71万,4411.90万,11.28,2.2438,26.06亿,26.06亿,1000002035,False
174,920802,保丽洁,BJ,14.03,0.86,45.12,0.120,14.06,13.72,1.22,0.79,26.88万,374.92万,18.77,2.5981,11.51亿,3.10亿,1000466059,False
175,300224,正海磁材,SZ,14.90,1.43,45.12,0.210,14.95,14.67,1.60,0.70,1484.46万,2.20亿,11.28,2.6962,138.67亿,138.16亿,1000008216,False
176,002080,中材科技,SZ,48.85,0.70,45.10,0.340,50.16,48.03,3.03,0.81,5084.42万,24.95亿,11.27,4.1171,819.76亿,819.76亿,1000006803,False
177,301181,标榜股份,SZ,48.00,1.78,44.99,0.840,50.00,47.08,6.63,0.84,597.80万,2.90亿,15.33,3.8712,55.46亿,43.29亿,1002281119,False
178,301580,爱迪特,SZ,76.34,10.33,44.96,7.150,79.60,68.11,13.04,2.27,938.91万,6.89亿,14.37,3.9025,81.35亿,54.98亿,1003057582,False
179,920039,国义招标,BJ,9.59,0.74,44.95,0.070,9.61,9.49,0.31,0.79,47.09万,450.07万,12.50,2.7472,14.75亿,14.75亿,1000337483,False
180,603269,海鸥股份,SH,15.46,-2.21,44.95,-0.350,15.85,15.39,10.12,1.19,3124.17万,4.86亿,23.29,5.0107,47.73亿,47.73亿,1000492271,False
181,301525,儒竞科技,SZ,73.12,2.39,44.92,1.710,73.50,71.42,2.64,1.23,130.28万,9496.16万,12.86,2.1149,68.96亿,36.12亿,1002876328,False
182,002487,大金重工,SZ,77.70,0.26,44.91,0.200,79.77,75.92,2.86,0.97,1803.75万,14.02亿,11.23,6.0248,495.53亿,490.23亿,1000008196,False
183,603203,快克智能,SH,43.86,1.79,44.91,0.770,44.03,42.66,1.91,0.67,475.47万,2.06亿,14.02,7.6221,111.26亿,109.28亿,1000326746,False
184,601368,绿城水务,SH,4.84,1.04,44.88,0.050,4.85,4.77,0.76,1.06,668.52万,3218.57万,11.22,0.8885,42.74亿,42.74亿,1000010617,False
185,603638,艾迪精密,SH,20.49,1.29,44.86,0.260,20.58,20.23,0.62,1.35,511.31万,1.05亿,13.47,4.9501,170.29亿,170.29亿,1000389015,False
186,000096,广聚能源,SZ,9.71,-0.61,44.83,-0.060,9.79,9.63,1.61,1.12,820.69万,7947.81万,41.79,1.7819,51.27亿,49.60亿,1000001923,False
187,300725,药石科技,SZ,38.56,-1.00,44.82,-0.390,39.15,38.35,3.34,0.85,677.72万,2.61亿,19.88,1.2611,90.16亿,78.17亿,1000950846,False
188,300303,聚飞光电,SZ,9.66,-0.41,44.76,-0.040,9.72,9.47,7.43,0.61,9870.09万,9.49亿,16.22,3.5920,136.86亿,128.40亿,1000006766,False
189,603929,亚翔集成,SH,187.07,0.97,44.74,1.800,188.60,178.74,3.12,0.86,666.04万,12.23亿,11.18,17.3235,399.13亿,399.13亿,1000316523,False
190,600577,精达股份,SH,12.46,0.97,44.73,0.120,12.52,12.21,1.75,0.77,3766.79万,4.68亿,11.18,4.3880,268.03亿,268.03亿,1000000473,False
191,002537,海联金汇,SZ,7.83,0.38,44.71,0.030,7.84,7.76,2.22,0.58,2595.43万,2.02亿,11.45,2.1738,91.93亿,91.55亿,1000008464,False
192,603305,旭升集团,SH,15.18,1.47,44.63,0.220,15.41,15.07,2.19,1.19,2535.72万,3.85亿,14.63,1.9332,175.44亿,175.44亿,1000676360,False
193,605189,富春染织,SH,17.64,6.59,44.62,1.090,17.79,16.56,9.32,0.96,1808.12万,3.13亿,11.16,1.8461,34.24亿,34.24亿,1002224305,False
194,002409,雅克科技,SZ,86.12,0.03,44.60,0.030,87.04,84.80,3.01,0.97,959.19万,8.25亿,12.87,5.2486,409.87亿,274.31亿,1000007919,False
195,300784,利安科技,SZ,50.58,1.48,44.59,0.740,50.72,49.55,3.76,1.00,63.62万,3184.53万,16.46,3.5543,28.44亿,8.56亿,1003083512,False
196,600444,国机通用,SH,17.75,1.43,44.56,0.250,17.84,17.42,2.08,0.85,304.06万,5367.60万,11.14,3.4521,25.99亿,25.99亿,1000002256,False
197,002732,燕塘乳业,SZ,16.29,1.50,44.48,0.240,16.35,15.91,0.97,1.02,151.59万,2449.11万,11.12,1.6989,25.63亿,25.50亿,1000305896,False
198,688411,海博思创,SH,234.34,1.30,44.47,3.010,237.31,230.00,2.54,0.66,336.39万,7.89亿,16.95,8.8306,422.03亿,310.67亿,1003508080,False
199,301156,美农生物,SZ,18.58,1.42,44.42,0.260,18.68,18.10,2.06,1.04,183.78万,3388.23万,15.98,3.6728,26.16亿,16.58亿,1002629585,False
200,603931,格林达,SH,28.39,1.94,44.40,0.540,28.45,27.58,1.05,1.14,208.56万,5848.36万,15.35,3.5115,56.65亿,56.65亿,1001898969,False
