序号,代码,名称,市场代码简称,最新价(元) 2026.04.16,涨跌幅(%) 2026.04.16,总市值(元) 2026.04.16,市盈率(TTM)(倍) 2026.04.16,涨跌额(元) 2026.04.16,最高价(元) 2026.04.16,最低价(元) 2026.04.16,换手率(%) 2026.04.16,量比 2026.04.16,成交量(股) 2026.04.16,成交额(元) 2026.04.16,市盈率(动)(倍) 2026.04.16,市净率(倍) 2026.04.16,流通市值(元) 2026.04.16,CHOICE_INNER_CODE,IN_OPTIONAL
1,601398,工商银行,SH,7.46,-0.53,2.66万亿,7.21,-0.040,7.54,7.43,0.08,1.01,2.28亿,17.02亿,1.80,0.6889,2.01万亿,1000000973,False
2,601939,建设银行,SH,9.45,-0.11,2.47万亿,7.29,-0.010,9.58,9.40,1.10,1.64,1.06亿,10.05亿,1.82,0.7138,906.60亿,1000001073,False
3,601288,农业银行,SH,7.00,0.72,2.45万亿,8.42,0.050,7.10,6.91,0.14,1.35,4.44亿,31.11亿,2.10,0.8858,2.23万亿,1000000722,False
4,601857,中国石油,SH,11.65,-0.94,2.13万亿,13.55,-0.110,11.77,11.56,0.09,0.92,1.54亿,17.86亿,3.39,1.3443,1.89万亿,1000004161,False
5,300750,宁德时代,SZ,453.98,5.33,2.07万亿,26.24,22.980,460.00,433.02,1.49,1.59,6350.62万,285.17亿,24.98,6.3399,1.93万亿,1001194744,False
6,600941,中国移动,SH,93.66,-0.05,2.03万亿,14.80,-0.050,93.97,93.58,0.64,0.90,582.08万,5.46亿,3.70,1.4560,845.53亿,1002662887,False
7,601988,中国银行,SH,5.79,0.00,1.87万亿,7.68,0.000,5.87,5.76,0.09,0.93,1.89亿,10.97亿,1.92,0.6925,1.22万亿,1000002490,False
8,600519,贵州茅台,SH,1462.84,-0.32,1.83万亿,20.35,-4.660,1477.41,1460.00,0.20,0.92,245.13万,35.97亿,7.09,8.0675,1.83万亿,1000002162,False
9,600938,中国海油,SH,36.96,0.19,1.76万亿,14.39,0.070,37.19,36.45,1.73,0.86,5163.28万,19.00亿,3.60,2.1884,1105.10亿,1002842127,False
10,601138,工业富联,SH,59.32,2.59,1.18万亿,33.36,1.500,59.99,57.40,0.91,0.97,1.81亿,106.51亿,8.34,7.0582,1.18万亿,1001298639,False
11,601628,中国人寿,SH,37.87,0.45,1.07万亿,6.95,0.170,38.07,37.59,0.09,1.08,1847.51万,6.98亿,1.74,1.7983,7885.87亿,1000002664,False
12,601318,中国平安,SH,58.52,-0.31,1.06万亿,7.86,-0.180,59.03,58.25,0.51,0.88,5443.68万,31.90亿,1.97,1.0592,6238.27亿,1000002667,False
13,600036,招商银行,SH,39.91,0.03,1.01万亿,6.70,0.010,40.15,39.75,0.30,0.98,6172.58万,24.67亿,1.68,0.9408,8233.01亿,1000002452,False
14,601088,中国神华,SH,45.53,-0.65,9875.20亿,18.69,-0.300,46.07,45.35,0.17,1.06,2751.44万,12.56亿,4.67,2.1049,7508.37亿,1000010134,False
15,002594,比亚迪,SZ,105.54,2.44,9622.29亿,29.50,2.510,105.97,103.28,1.85,1.23,6436.61万,67.64亿,7.37,4.2288,3679.77亿,1000001360,False
16,601899,紫金矿业,SH,35.30,1.12,9386.52亿,18.13,0.390,35.39,35.00,0.98,0.81,2.01亿,70.78亿,4.53,5.1031,7272.43亿,1000001989,False
17,600028,中国石化,SH,5.66,-0.53,6844.38亿,21.52,-0.030,5.68,5.64,0.16,0.94,1.50亿,8.46亿,5.38,0.8243,5362.99亿,1000002379,False
18,600900,长江电力,SH,26.55,0.00,6496.31亿,19.01,0.000,26.70,26.52,0.29,0.98,7195.86万,19.12亿,5.76,3.0021,6496.31亿,1000001248,False
19,601328,交通银行,SH,6.92,-0.14,6114.77亿,6.39,-0.010,6.99,6.91,0.44,1.00,1.14亿,7.89亿,1.60,0.5351,1804.21亿,1000002489,False
20,601658,邮储银行,SH,5.07,-0.78,6088.82亿,6.97,-0.040,5.14,5.05,0.17,1.01,1.24亿,6.33亿,1.74,0.6028,3677.16亿,1001899021,False
21,000333,美的集团,SZ,77.90,0.53,5923.90亿,13.48,0.410,78.44,77.40,0.35,1.00,2380.78万,18.54亿,3.37,2.6538,5338.71亿,1000240855,False
22,601728,中国电信,SH,5.85,0.34,5353.17亿,16.13,0.020,5.86,5.80,0.15,1.18,1.16亿,6.75亿,4.03,1.1616,4541.34亿,1002622263,False
23,601998,中信银行,SH,8.29,-1.54,4612.98亿,6.53,-0.130,8.46,8.22,0.08,1.08,3415.68万,2.84亿,1.63,0.6373,3379.25亿,1000001761,False
24,002475,立讯精密,SZ,60.45,2.84,4404.38亿,26.53,1.670,60.65,58.00,2.75,0.73,2.00亿,119.04亿,6.63,5.2188,4394.28亿,1000007943,False
25,603993,洛阳钼业,SH,20.29,1.60,4340.91亿,21.34,0.320,20.34,19.98,1.24,0.83,2.16亿,43.66亿,5.34,5.2658,3542.81亿,1000011995,False
26,000858,五 粮 液,SZ,103.44,-0.11,4015.14亿,14.12,-0.110,104.00,103.22,0.23,0.78,901.66万,9.34亿,4.67,3.0305,4014.97亿,1000002190,False
27,601166,兴业银行,SH,18.61,-0.48,3938.41亿,5.08,-0.090,18.79,18.57,0.26,1.05,5586.20万,10.42亿,1.27,0.4879,3938.41亿,1000001206,False
28,600030,中信证券,SH,26.31,1.15,3899.29亿,11.55,0.300,26.48,26.04,1.17,0.72,1.43亿,37.59亿,3.24,1.1655,3203.65亿,1000002450,False
29,002379,宏桥控股,SZ,29.30,3.64,3818.12亿,21.37,1.030,29.36,28.40,1.50,1.08,1703.45万,4.93亿,5.34,3.5000,332.96亿,1000008036,False
30,601601,中国太保,SH,37.87,-0.32,3643.22亿,6.81,-0.120,38.16,37.64,0.48,0.97,3268.85万,12.37亿,1.70,1.2058,2592.22亿,1000002668,False
31,600000,浦发银行,SH,10.00,-1.09,3330.58亿,6.66,-0.110,10.17,9.98,0.13,0.96,4370.23万,4.39亿,1.66,0.4523,3330.58亿,1000002165,False
32,601319,中国人保,SH,7.49,0.13,3312.38亿,7.10,0.010,7.52,7.44,0.15,1.08,5243.47万,3.92亿,1.78,1.0720,2658.78亿,1001117722,False
33,300059,东方财富,SZ,20.06,1.06,3170.29亿,26.23,0.210,20.25,19.86,1.77,0.72,2.36亿,47.36亿,6.56,3.5110,2675.55亿,1000008935,False
34,603259,药明康德,SH,105.66,-1.10,3152.64亿,16.46,-1.170,107.88,105.59,1.41,1.01,3476.48万,36.95亿,4.12,3.9550,2613.27亿,1001042696,False
35,002415,海康威视,SZ,33.54,1.02,3073.90亿,21.67,0.340,33.59,33.05,0.53,0.72,4793.49万,16.01亿,8.25,3.6885,3034.17亿,1000008069,False
36,601211,国泰海通,SH,17.13,0.47,3019.83亿,10.86,0.080,17.42,17.08,0.93,1.12,1.26亿,21.68亿,2.71,0.9424,2312.02亿,1000304595,False
37,600309,万华化学,SH,90.10,1.15,2820.56亿,22.52,1.020,91.36,88.89,0.85,0.75,2674.74万,24.13亿,7.70,2.6043,2820.56亿,1000001894,False
38,300274,阳光电源,SZ,133.90,0.01,2776.03亿,20.62,0.010,135.88,132.92,4.09,0.73,6505.59万,87.24亿,5.16,5.9558,2129.03亿,1000008290,False
39,002714,牧原股份,SZ,46.44,0.85,2680.98亿,17.31,0.390,46.67,45.80,0.92,0.73,3499.34万,16.20亿,4.33,3.4967,1764.81亿,1000010623,False
40,600930,华电新能,SH,6.03,0.00,2515.37亿,34.63,0.000,6.05,6.01,2.79,0.73,9002.30万,5.42亿,8.16,1.8537,194.76亿,1003137297,False
41,600150,中国船舶,SH,32.72,0.03,2462.38亿,36.48,0.010,33.18,32.63,0.73,0.99,5459.39万,17.91亿,10.52,1.7447,2462.38亿,1000001885,False
42,601225,陕西煤业,SH,24.99,-0.68,2422.78亿,14.64,-0.170,25.32,24.90,0.33,1.11,3229.85万,8.10亿,4.76,2.5041,2422.78亿,1000013250,False
43,601816,京沪高铁,SH,4.93,-0.20,2412.04亿,18.48,-0.010,4.97,4.91,0.22,0.98,1.08亿,5.34亿,5.85,1.1798,2412.04亿,1002023783,False
44,000338,潍柴动力,SZ,27.40,3.01,2387.20亿,21.84,0.800,27.57,26.38,2.40,0.96,1.20亿,32.41亿,5.46,2.5616,1370.96亿,1000010157,False
45,603288,海天味业,SH,40.74,-0.44,2384.03亿,33.87,-0.180,41.40,40.50,0.21,0.85,1168.15万,4.78亿,8.47,6.0240,2265.39亿,1000012439,False
46,601919,中远海控,SH,14.92,-1.06,2284.65亿,7.40,-0.160,15.12,14.87,0.65,1.28,8205.82万,12.27亿,1.85,0.9836,1873.39亿,1000008452,False
47,003816,中国广核,SZ,4.42,-0.67,2232.05亿,22.86,-0.030,4.46,4.39,0.31,0.78,1.21亿,5.33亿,5.71,1.8127,1738.61亿,1001429366,False
48,601898,中煤能源,SH,16.74,-1.12,2219.50亿,12.41,-0.190,16.97,16.62,0.34,0.73,3097.63万,5.19亿,3.10,1.3860,1532.04亿,1000007290,False
49,601600,中国铝业,SH,12.80,4.07,2195.84亿,17.33,0.500,12.80,12.54,2.31,1.04,3.04亿,38.67亿,4.33,2.9307,1686.19亿,1000004212,False
50,600406,国电南瑞,SH,26.87,0.04,2158.13亿,27.02,0.010,27.06,26.41,1.06,1.10,8455.64万,22.63亿,11.11,4.3847,2151.80亿,1000001149,False
51,000001,平安银行,SZ,11.09,-1.07,2152.12亿,5.05,-0.120,11.23,11.07,0.35,1.37,6809.15万,7.58亿,1.26,0.4769,2152.08亿,1000001536,False
52,000651,格力电器,SZ,37.32,-0.19,2090.44亿,6.60,-0.070,37.52,37.23,0.40,1.06,2193.75万,8.18亿,2.44,1.5057,2058.26亿,1000004198,False
53,002142,宁波银行,SZ,31.30,-0.70,2066.92亿,7.05,-0.220,31.82,31.23,0.24,0.87,1614.29万,5.08亿,2.30,0.9290,2065.76亿,1000008475,False
54,600989,宝丰能源,SH,28.16,-0.95,2065.07亿,18.19,-0.270,28.49,28.04,1.08,0.71,7950.15万,22.41亿,4.55,4.2676,2065.07亿,1001247908,False
55,601668,中国建筑,SH,4.98,0.00,2057.76亿,4.61,0.000,5.00,4.96,0.28,0.77,1.16亿,5.78亿,1.35,0.4267,2057.76亿,1000007897,False
56,000792,盐湖股份,SZ,38.51,4.05,2037.78亿,19.84,1.500,38.93,37.22,2.11,1.12,1.12亿,42.76亿,6.01,4.5651,2037.77亿,1000000845,False
57,600919,江苏银行,SH,10.90,-0.46,2000.29亿,5.85,-0.050,11.01,10.84,0.38,1.26,7031.57万,7.68亿,1.64,0.8057,2000.29亿,1000327152,False
58,601336,新华保险,SH,63.89,3.62,1993.08亿,5.49,2.230,64.13,61.38,1.41,1.59,2943.50万,18.50亿,1.37,1.7868,1332.39亿,1000002881,False
59,600690,海尔智家,SH,21.06,0.05,1974.93亿,10.10,0.010,21.28,21.03,0.74,1.05,4604.20万,9.72亿,2.53,1.6638,1316.89亿,1000002439,False
60,300760,迈瑞医疗,SZ,160.46,0.10,1945.48亿,23.91,0.160,160.86,159.46,0.45,0.64,544.93万,8.72亿,5.98,5.1072,1943.81亿,1001002427,False
61,600188,兖矿能源,SH,19.37,0.94,1944.26亿,23.20,0.180,19.49,19.02,0.71,0.70,4260.06万,8.23亿,5.80,2.7111,1154.71亿,1000000318,False
62,002352,顺丰控股,SZ,37.56,-0.27,1892.81亿,17.03,-0.100,37.94,37.40,0.33,0.84,1582.10万,5.95亿,4.26,1.9067,1791.62亿,1000008386,False
63,601818,光大银行,SH,3.20,-0.31,1890.74亿,4.87,-0.010,3.21,3.19,0.27,1.21,1.24亿,3.96亿,1.22,0.3830,1485.02亿,1000000869,False
64,600031,三一重工,SH,20.39,-1.31,1874.86亿,22.30,-0.270,20.96,20.21,0.97,1.35,8214.11万,16.81亿,5.57,2.1225,1727.93亿,1000000456,False
65,300124,汇川技术,SZ,66.84,-1.56,1809.51亿,34.89,-1.060,68.68,66.66,1.71,1.63,4105.80万,27.61亿,10.63,5.2625,1603.20亿,1000007854,False
66,600547,山东黄金,SH,39.25,1.21,1809.40亿,38.18,0.470,39.43,38.40,1.11,0.93,4004.22万,15.61亿,9.54,5.8450,1418.67亿,1000001140,False
67,601985,中国核电,SH,8.76,-0.11,1801.76亿,22.96,-0.010,8.80,8.72,0.45,0.96,8423.32万,7.37亿,5.63,1.5645,1654.18亿,1000309725,False
68,601633,长城汽车,SH,20.94,0.05,1792.02亿,18.16,0.010,21.20,20.84,0.23,0.96,1414.98万,2.97亿,4.54,2.0467,1300.22亿,1000001987,False
69,600025,华能水电,SH,9.56,0.74,1781.13亿,20.69,0.070,9.59,9.46,0.14,1.11,2699.20万,2.57亿,5.91,2.5926,1781.13亿,1000730063,False
70,601766,中国中车,SH,6.19,0.00,1776.46亿,13.48,0.000,6.21,6.16,0.38,0.90,9276.79万,5.73亿,3.37,1.0321,1505.89亿,1000007077,False
71,600809,山西汾酒,SH,141.16,1.52,1722.10亿,14.00,2.110,142.26,138.21,0.51,0.85,620.61万,8.73亿,3.78,4.4407,1722.10亿,1000000078,False
72,601688,华泰证券,SH,19.01,0.74,1716.01亿,10.47,0.140,19.23,18.92,1.36,1.07,9958.33万,18.98亿,2.62,0.9883,1389.01亿,1000000059,False
73,600346,恒力石化,SH,24.30,2.62,1710.50亿,24.18,0.620,24.50,23.57,0.58,1.02,4095.14万,9.90亿,6.04,2.5617,1710.50亿,1000001976,False
74,601066,中信建投,SH,21.92,0.37,1700.27亿,18.01,0.080,22.05,21.86,0.12,0.69,806.14万,1.77亿,4.50,2.0496,1423.85亿,1001030413,False
75,000063,中兴通讯,SZ,35.40,0.54,1693.37亿,30.14,0.190,35.59,34.95,1.78,0.62,7156.64万,25.26亿,7.54,2.2489,1425.78亿,1000001860,False
76,601995,中金公司,SH,33.92,1.41,1637.41亿,16.72,0.470,34.15,33.78,0.66,1.27,1919.12万,6.51亿,4.18,1.6381,991.67亿,1002243655,False
77,600362,江西铜业,SH,47.22,0.75,1635.10亿,22.93,0.350,47.55,46.64,2.18,1.09,4519.45万,21.28亿,5.73,2.0118,979.93亿,1000000878,False
78,600016,民生银行,SH,3.72,-0.27,1628.71亿,5.33,-0.010,3.74,3.71,0.37,1.03,1.32亿,4.92亿,1.33,0.2885,1319.19亿,1000002334,False
79,600887,伊利股份,SH,25.60,-0.35,1619.29亿,20.21,-0.090,25.73,25.56,0.74,1.49,4651.39万,11.91亿,3.88,3.0395,1611.25亿,1000004059,False
80,600104,上汽集团,SH,14.05,0.07,1615.09亿,15.98,0.010,14.12,14.02,0.37,1.07,4296.25万,6.04亿,4.00,0.5405,1615.09亿,1000002328,False
81,601127,赛力斯,SH,89.91,1.80,1566.22亿,26.29,1.590,90.10,88.58,1.11,1.19,1729.87万,15.50亿,6.57,3.8277,1400.08亿,1000319214,False
82,300442,润泽科技,SZ,95.78,6.12,1565.37亿,30.09,5.520,97.98,90.26,4.69,1.37,7650.44万,72.45亿,67.21,10.9570,1561.05亿,1000316971,False
83,000776,广发证券,SZ,19.88,0.10,1555.58亿,11.35,0.020,20.13,19.77,0.92,0.70,5437.45万,10.83亿,2.84,1.2011,1173.72亿,1000000404,False
84,600660,福耀玻璃,SH,59.15,0.20,1543.66亿,16.58,0.120,59.68,58.81,0.50,0.98,1010.76万,5.99亿,4.14,4.1102,1184.77亿,1000002179,False
85,000568,泸州老窖,SZ,103.05,-0.04,1516.84亿,12.00,-0.040,103.56,102.45,0.40,0.82,595.09万,6.12亿,3.52,3.1812,1516.13亿,1000002366,False
86,000725,京东方Ａ,SZ,4.03,0.75,1492.89亿,25.49,0.030,4.04,3.98,1.14,0.92,4.15亿,16.64亿,6.37,1.1101,1464.57亿,1000001772,False
87,300014,亿纬锂能,SZ,70.98,0.94,1488.64亿,36.51,0.660,72.97,70.59,3.77,0.94,7678.18万,54.89亿,9.00,3.2848,1445.48亿,1000008195,False
88,601872,招商轮船,SH,18.08,-1.95,1459.88亿,24.28,-0.360,18.69,18.00,1.45,0.62,1.17亿,21.41亿,6.07,3.3946,1459.88亿,1000006672,False
89,600875,东方电气,SH,42.04,9.99,1453.89亿,37.95,3.820,42.04,38.87,6.72,1.52,1.52亿,62.64亿,9.49,3.2141,951.52亿,1000004047,False
90,600050,中国联通,SH,4.60,0.66,1438.16亿,15.76,0.030,4.60,4.55,0.45,1.30,1.40亿,6.39亿,3.94,0.8530,1425.56亿,1000002497,False
91,601888,中国中免,SH,68.49,0.16,1423.08亿,39.68,0.110,68.80,68.20,0.94,0.86,1827.11万,12.50亿,9.92,2.5655,1337.25亿,1000008074,False
92,601881,中国银河,SH,12.98,-0.08,1419.29亿,11.34,-0.010,13.10,12.96,0.49,0.96,3572.40万,4.65亿,2.83,1.2037,940.20亿,1000350709,False
93,002938,鹏鼎控股,SZ,61.00,2.66,1414.01亿,37.83,1.580,62.53,59.18,1.70,0.96,3914.83万,23.88亿,9.46,4.1422,1408.75亿,1001194779,False
94,600089,特变电工,SH,27.95,-0.96,1412.26亿,23.72,-0.270,27.96,27.11,4.33,1.31,2.19亿,60.13亿,5.93,2.0206,1412.26亿,1000002271,False
95,601229,上海银行,SH,9.80,-0.81,1392.48亿,5.76,-0.080,9.97,9.79,0.26,1.03,3669.77万,3.62亿,1.93,0.5656,1392.48亿,1000327154,False
96,600019,宝钢股份,SH,6.36,0.00,1385.34亿,14.68,0.000,6.40,6.34,0.37,1.06,8020.74万,5.10亿,4.35,0.6783,1385.34亿,1000002335,False
97,000408,藏格矿业,SZ,87.94,4.10,1380.86亿,35.84,3.460,88.17,84.30,1.23,1.60,1928.31万,16.72亿,8.96,9.9385,1380.84亿,1000002105,False
98,600999,招商证券,SH,15.85,0.00,1378.40亿,11.16,0.000,15.97,15.82,0.40,0.95,2956.94万,4.70亿,2.79,1.1391,1176.39亿,1000001460,False
99,601009,南京银行,SH,11.11,-0.71,1373.59亿,6.30,-0.080,11.27,11.09,0.27,0.91,3368.63万,3.76亿,1.91,0.7567,1373.59亿,1000004113,False
100,300433,蓝思科技,SZ,25.64,-13.35,1353.47亿,39.35,-3.950,27.18,24.94,4.93,3.03,2.45亿,62.80亿,-226.18,2.4782,1274.23亿,1000311368,False
101,688525,佰维存储,SH,286.80,0.49,1350.36亿,34.19,1.390,291.80,271.99,9.43,1.07,4440.08万,125.94亿,11.65,15.8640,1350.36亿,1003047674,False
102,600489,中金黄金,SH,27.07,1.23,1312.17亿,29.68,0.330,27.16,26.74,0.99,0.87,4819.55万,12.98亿,8.92,4.4944,1312.17亿,1000001039,False
103,601390,中国中铁,SH,5.30,0.19,1308.37亿,5.72,0.010,5.31,5.27,0.56,0.83,1.15亿,6.10亿,1.43,0.4111,1085.38亿,1000007457,False
104,001289,龙源电力,SZ,15.48,0.58,1294.10亿,28.59,0.090,15.49,15.31,0.13,0.67,647.32万,9977.12万,7.15,1.7254,780.49亿,1002921628,False
105,002602,世纪华通,SZ,17.32,3.28,1276.60亿,33.89,0.550,17.33,16.70,1.53,0.90,1.04亿,17.83亿,7.32,4.2589,1177.21亿,1000009782,False
106,601868,中国能建,SH,2.88,1.77,1274.12亿,21.82,0.050,2.89,2.82,2.30,1.39,7.47亿,21.43亿,5.45,1.0800,933.95亿,1002791482,False
107,000807,云铝股份,SZ,36.42,5.69,1263.03亿,20.86,1.960,36.49,35.08,1.77,1.17,6133.18万,21.97亿,5.22,3.9430,1263.02亿,1000000865,False
108,002736,国信证券,SZ,12.27,1.40,1256.66亿,10.07,0.170,12.35,12.10,0.33,0.95,3196.32万,3.92亿,3.44,1.3073,1179.45亿,1000324633,False
109,603799,华友钴业,SH,65.91,5.02,1250.13亿,20.46,3.150,65.94,63.15,5.03,1.09,9483.47万,61.23亿,5.11,2.5885,1241.80亿,1000412125,False
110,601800,中国交建,SH,7.59,-0.26,1235.25亿,8.37,-0.020,7.63,7.57,0.14,0.99,1625.57万,1.23亿,2.09,0.4278,894.39亿,1000006650,False
111,600926,杭州银行,SH,17.03,-1.45,1234.51亿,6.49,-0.250,17.35,17.02,0.37,0.98,2697.86万,4.63亿,1.94,0.9269,1234.51亿,1000327148,False
112,000617,中油资本,SZ,9.73,-1.42,1230.07亿,28.56,-0.140,9.82,9.67,1.30,0.49,1.65亿,16.00亿,7.69,1.1808,1230.07亿,1000004175,False
113,600026,中远海能,SH,21.99,-1.92,1201.80亿,29.77,-0.430,22.65,21.89,1.85,0.78,6436.62万,14.24亿,7.44,2.5898,764.10亿,1000002336,False
114,000425,徐工机械,SZ,10.20,-3.13,1198.36亿,18.15,-0.330,10.65,10.06,1.89,2.04,1.70亿,17.37亿,5.01,2.0017,918.94亿,1000001764,False
115,000166,申万宏源,SZ,4.75,0.00,1189.40亿,12.51,0.000,4.79,4.74,0.31,0.85,7017.54万,3.34亿,3.13,1.0658,1070.44亿,1000420071,False
116,603501,豪威集团,SH,93.71,1.52,1181.82亿,29.21,1.400,94.17,92.49,1.38,1.04,1664.50万,15.54亿,7.30,4.2300,1134.27亿,1000498858,False
117,600585,海螺水泥,SH,22.25,-1.33,1179.09亿,14.53,-0.300,22.55,22.07,1.29,2.31,5150.21万,11.46亿,3.63,0.6127,889.93亿,1000000573,False
118,600905,三峡能源,SH,4.10,-0.24,1172.09亿,31.95,-0.010,4.12,4.09,0.34,0.92,9748.82万,4.00亿,6.79,1.3227,1172.09亿,1002203760,False
119,600018,上港集团,SH,4.98,-0.20,1159.34亿,8.55,-0.010,5.01,4.97,0.16,1.15,3624.47万,1.81亿,2.14,0.8226,1157.69亿,1000004109,False
120,002001,新 和 成,SZ,37.62,2.81,1156.22亿,17.09,1.030,38.46,36.24,1.62,1.08,4921.17万,18.49亿,4.27,3.5245,1142.47亿,1000010007,False
121,601169,北京银行,SH,5.43,-0.73,1148.06亿,4.44,-0.040,5.48,5.42,0.37,1.05,7785.69万,4.24亿,1.36,0.4135,1148.06亿,1000009675,False
122,600015,华夏银行,SH,7.21,-0.83,1147.47亿,4.22,-0.060,7.28,7.17,0.30,1.10,4688.10万,3.38亿,1.05,0.3634,1109.42亿,1000009999,False
123,300498,温氏股份,SZ,17.17,-0.12,1142.48亿,21.82,-0.020,17.25,16.90,0.79,0.94,4714.91万,8.07亿,5.43,2.7158,1021.50亿,1000563341,False
124,600011,华能国际,SH,6.99,-0.14,1097.30亿,7.62,-0.010,7.04,6.97,0.52,0.79,5762.82万,4.03亿,1.90,1.6900,768.74亿,1000002250,False
125,605499,东鹏饮料,SH,194.26,0.39,1097.12亿,24.85,0.760,195.22,192.25,0.82,0.91,428.20万,8.31亿,6.21,11.6455,1010.18亿,1002224299,False
126,600886,国投电力,SH,13.33,-0.37,1067.00亿,16.21,-0.050,13.52,13.28,0.26,1.04,1951.73万,2.61亿,4.09,1.6100,993.64亿,1000004058,False
127,601006,大秦铁路,SH,5.29,1.15,1065.79亿,16.00,0.060,5.31,5.21,0.74,1.95,1.48亿,7.82亿,4.28,0.6467,1065.79亿,1000007642,False
128,601689,拓普集团,SH,61.16,3.45,1062.86亿,38.25,2.040,61.68,60.37,2.49,1.63,4332.52万,26.45亿,9.56,4.4106,1062.86亿,1000305036,False
129,002202,金风科技,SZ,24.99,-0.12,1055.52亿,38.05,-0.030,25.20,24.80,4.57,0.71,1.54亿,38.31亿,9.51,2.7209,840.54亿,1000006954,False
130,000625,长安汽车,SZ,10.15,1.10,1006.16亿,24.69,0.110,10.33,10.03,1.47,2.68,1.22亿,12.39亿,6.17,1.3010,839.11亿,1000009101,False
131,000895,双汇发展,SZ,28.71,-0.21,994.70亿,19.49,-0.060,28.99,28.45,0.27,0.83,930.77万,2.67亿,4.87,4.6563,994.57亿,1000000665,False
132,603296,华勤技术,SH,97.57,-1.32,991.05亿,24.44,-1.310,98.94,95.65,2.45,0.91,1394.95万,13.57亿,6.11,3.8417,556.62亿,1002681202,False
133,000538,云南白药,SZ,55.52,-0.36,990.62亿,19.22,-0.200,55.72,55.33,0.28,0.71,490.73万,2.72亿,4.81,2.4738,984.33亿,1000009000,False
134,601669,中国电建,SH,5.72,0.70,985.34亿,9.20,0.040,5.75,5.68,1.61,1.04,2.11亿,12.06亿,3.30,0.6852,747.69亿,1000006345,False
135,600522,中天科技,SH,28.00,0.72,955.63亿,33.35,0.200,28.33,27.42,3.77,0.63,1.29亿,36.00亿,10.22,2.6096,955.63亿,1000002164,False
136,002648,卫星化学,SZ,28.20,1.00,949.96亿,16.21,0.280,28.33,27.56,1.26,0.68,4230.49万,11.84亿,11.22,2.6795,949.35亿,1000009284,False
137,601186,中国铁建,SH,6.96,0.00,945.14亿,5.15,0.000,6.98,6.94,0.36,1.07,4126.78万,2.87亿,1.29,0.3447,800.63亿,1000007767,False
138,600160,巨化股份,SH,34.10,-0.90,920.61亿,23.25,-0.310,34.78,34.00,1.29,1.04,3471.84万,11.88亿,7.09,4.6149,920.61亿,1000001301,False
139,002532,天山铝业,SZ,19.69,6.72,911.40亿,18.92,1.240,19.76,18.70,2.03,1.27,8319.73万,16.04亿,4.73,3.1310,808.64亿,1000008000,False
140,002027,分众传媒,SZ,6.29,-0.16,908.41亿,16.74,-0.010,6.36,6.25,0.87,0.98,1.26亿,7.97亿,5.36,6.3521,908.41亿,1000002025,False
141,000100,TCL科技,SZ,4.33,-0.46,900.68亿,19.94,-0.020,4.36,4.26,1.70,1.10,3.25亿,14.01亿,4.99,1.4661,828.41亿,1000002254,False
142,300015,爱尔眼科,SZ,9.58,-0.42,893.37亿,27.75,-0.040,9.64,9.53,0.67,1.00,5331.02万,5.10亿,7.17,4.1188,762.12亿,1000008266,False
143,600436,片仔癀,SH,148.07,-0.61,893.33亿,36.92,-0.910,149.18,147.78,0.26,0.87,157.96万,2.34亿,10.49,6.1727,893.33亿,1000001716,False
144,601825,沪农商行,SH,9.17,-1.40,884.40亿,7.15,-0.130,9.36,9.17,0.18,1.12,1648.59万,1.52亿,2.09,0.7023,859.64亿,1001908725,False
145,600795,国电电力,SH,4.83,-1.02,861.46亿,12.03,-0.050,4.90,4.81,0.81,1.22,1.45亿,6.99亿,3.01,1.4485,861.46亿,1000002157,False
146,002241,歌尔股份,SZ,24.22,0.50,858.76亿,29.54,0.120,24.37,24.00,1.95,0.78,6131.56万,14.82亿,8.30,2.3919,760.14亿,1000007423,False
147,000708,中信特钢,SZ,16.84,1.51,849.94亿,14.34,0.250,16.86,16.54,0.16,0.69,812.12万,1.36亿,3.58,1.9721,849.94亿,1000002482,False
148,600600,青岛啤酒,SH,62.06,0.10,846.62亿,18.45,0.060,62.25,61.83,0.57,0.92,402.42万,2.50亿,4.61,2.7623,440.08亿,1000000792,False
149,600988,赤峰黄金,SH,44.10,1.85,838.08亿,27.19,0.800,44.30,42.60,2.31,0.95,3849.44万,16.74亿,6.80,6.2473,733.78亿,1000002338,False
150,000975,山金国际,SZ,30.14,0.97,836.90亿,28.16,0.290,30.46,29.66,1.00,0.89,2520.59万,7.57亿,7.04,5.6100,761.77亿,1000002420,False
151,600039,四川路桥,SH,9.61,1.16,835.65亿,10.80,0.110,9.61,9.46,0.22,1.08,1889.58万,1.80亿,3.94,1.6895,835.65亿,1000001706,False
152,601916,浙商银行,SH,3.02,0.00,829.43亿,6.41,0.000,3.03,3.00,0.39,1.20,8307.06万,2.50亿,1.60,0.4663,650.64亿,1001194676,False
153,002311,海大集团,SZ,49.22,-0.69,818.90亿,16.30,-0.340,49.78,48.96,0.35,0.50,585.50万,2.88亿,4.94,3.2408,818.29亿,1000008095,False
154,601077,渝农商行,SH,7.21,-0.14,818.84亿,6.75,-0.010,7.25,7.16,0.42,1.01,3748.34万,2.70亿,1.69,0.6356,637.24亿,1001257129,False
155,600066,宇通客车,SH,36.45,0.00,806.98亿,14.53,0.000,36.84,36.20,0.73,0.81,1612.78万,5.88亿,3.63,5.1723,806.98亿,1000001694,False
156,000933,神火股份,SZ,35.41,4.89,796.37亿,14.25,1.650,35.47,34.61,2.28,1.07,5116.28万,17.95亿,8.70,2.9611,795.81亿,1000001335,False
157,600958,东方证券,SH,9.28,0.00,788.49亿,14.00,0.000,9.37,9.27,0.68,0.96,5075.92万,4.72亿,3.50,0.9895,693.17亿,1000304609,False
158,600236,桂冠电力,SH,9.81,1.34,773.26亿,23.58,0.130,9.86,9.63,0.17,0.86,1339.63万,1.31亿,5.89,4.2373,773.26亿,1000001805,False
159,603659,璞泰来,SH,35.84,2.72,765.69亿,32.46,0.950,36.45,34.80,3.09,0.89,6605.66万,23.59亿,8.11,3.8381,765.69亿,1000730078,False
160,002304,洋河股份,SZ,50.40,-0.24,759.25亿,36.68,-0.120,50.68,50.26,0.27,1.10,408.78万,2.06亿,4.78,1.5634,759.23亿,1000006867,False
161,600426,华鲁恒升,SH,35.72,0.48,758.40亿,22.87,0.170,35.78,34.91,1.20,0.91,2555.19万,9.03亿,5.72,2.2926,758.30亿,1000000015,False
162,002128,电投能源,SZ,33.80,3.11,757.65亿,12.93,1.020,34.23,32.98,1.06,1.30,2382.13万,8.02亿,9.47,1.9083,757.65亿,1000007108,False
163,601018,宁波港,SH,3.89,-0.51,756.78亿,14.64,-0.020,3.91,3.84,0.18,0.91,3475.35万,1.35亿,3.66,0.9371,756.78亿,1000008162,False
164,002179,中航光电,SZ,35.62,-0.70,754.23亿,34.89,-0.250,36.15,35.50,1.13,0.53,2373.49万,8.47亿,8.72,3.1079,746.77亿,1000006290,False
165,603195,公牛集团,SH,41.18,-0.02,744.50亿,18.67,-0.010,41.40,41.00,0.08,0.80,139.20万,5726.19万,6.25,4.7537,741.51亿,1001592021,False
166,600023,浙能电力,SH,5.54,0.00,742.84亿,10.19,0.000,5.56,5.50,0.30,0.74,4034.76万,2.23亿,2.98,0.9985,742.84亿,1000258544,False
167,600219,南山铝业,SH,6.39,3.06,733.81亿,15.50,0.190,6.40,6.25,2.23,1.19,2.56亿,16.24亿,3.87,1.4798,733.81亿,1000000549,False
168,600233,圆通速递,SH,21.43,-0.33,733.49亿,18.53,-0.070,21.85,21.16,0.72,0.97,2477.62万,5.31亿,6.37,2.1958,733.49亿,1000001803,False
169,601838,成都银行,SH,17.27,-0.69,731.98亿,5.50,-0.120,17.52,17.24,0.47,1.18,1997.30万,3.46亿,1.93,0.8630,731.98亿,1000327162,False
170,601808,中海油服,SH,15.34,0.20,731.96亿,19.05,0.030,15.34,15.11,0.59,0.66,1744.50万,2.65亿,4.76,1.5716,454.14亿,1000006720,False
171,002074,国轩高科,SZ,39.78,2.74,721.65亿,21.69,1.060,39.96,38.61,4.76,0.97,8259.63万,32.63亿,7.12,2.5368,690.66亿,1000007738,False
172,601877,正泰电器,SH,33.45,-2.59,718.83亿,15.61,-0.890,34.00,32.90,2.06,1.46,4434.63万,14.81亿,14.18,1.5801,718.83亿,1000008119,False
173,601788,光大证券,SH,15.58,0.06,718.36亿,19.29,0.010,15.69,15.53,0.45,0.97,1770.13万,2.76亿,4.82,1.1791,608.66亿,1000000061,False
174,601991,大唐发电,SH,3.87,-0.51,716.21亿,9.70,-0.020,3.89,3.84,0.73,0.72,9090.91万,3.51亿,2.42,2.1036,479.73亿,1000002436,False
175,600674,川投能源,SH,14.66,0.14,714.62亿,16.59,0.020,14.80,14.55,0.36,0.76,1748.90万,2.56亿,4.23,1.6100,714.62亿,1000002228,False
176,600196,复星医药,SH,26.70,-0.37,713.00亿,21.15,-0.100,26.87,26.61,0.75,0.84,1582.59万,4.23亿,5.29,1.4628,565.64亿,1000000429,False
177,002595,豪迈科技,SZ,89.02,10.00,712.16亿,29.76,8.090,89.02,83.02,0.77,1.89,610.16万,5.30亿,7.44,5.9215,707.24亿,1000007856,False
178,000157,中联重科,SZ,8.20,-5.53,709.18亿,14.60,-0.480,8.69,8.06,3.81,4.37,2.70亿,22.18亿,3.65,1.2319,579.71亿,1000001930,False
179,688187,时代电气,SH,52.11,1.82,707.63亿,17.27,0.930,52.21,51.10,0.52,1.09,448.31万,2.31亿,4.32,1.6655,452.79亿,1002445884,False
180,601168,西部矿业,SH,28.90,2.34,688.69亿,18.91,0.660,29.14,28.36,2.03,0.96,4843.52万,13.92亿,4.73,3.7530,688.69亿,1000007794,False
181,600009,上海机场,SH,27.43,0.11,682.54亿,28.84,0.030,27.48,27.32,0.25,0.58,512.55万,1.40亿,10.44,1.6437,561.29亿,1000002248,False
182,600415,小商品城,SH,12.33,0.90,676.12亿,16.08,0.110,12.45,12.25,1.24,0.60,6798.49万,8.38亿,4.02,2.9463,676.12亿,1000000004,False
183,600741,华域汽车,SH,20.61,0.63,649.78亿,9.02,0.130,20.76,20.47,0.68,1.23,2142.08万,4.42亿,2.25,0.9677,649.78亿,1000002146,False
184,001391,国货航,SZ,5.32,-0.19,649.51亿,25.13,-0.010,5.33,5.30,0.97,0.86,1466.43万,7791.40万,6.28,2.4197,80.83亿,1003354144,False
185,600803,新奥股份,SH,20.95,0.87,648.57亿,13.85,0.180,20.98,20.61,0.23,0.64,717.50万,1.49亿,3.46,2.6314,643.53亿,1000002202,False
186,300866,安克创新,SZ,120.68,7.89,647.04亿,25.42,8.830,120.88,112.00,4.19,1.62,1287.43万,15.17亿,6.36,6.1487,371.12亿,1001855434,False
187,002920,德赛西威,SZ,108.39,3.77,646.88亿,26.36,3.940,108.48,105.81,1.93,1.78,1072.13万,11.53亿,6.59,4.4079,601.27亿,1000721966,False
188,601607,上海医药,SH,17.14,-0.64,635.61亿,11.10,-0.110,17.28,17.10,0.30,0.80,836.42万,1.44亿,2.78,0.8375,478.07亿,1000004135,False
189,601958,金钼股份,SH,19.62,2.88,633.06亿,20.07,0.550,19.74,19.06,1.03,1.14,3325.84万,6.47亿,5.02,3.3513,633.06亿,1000006991,False
190,002558,巨人网络,SZ,33.27,3.81,632.32亿,37.88,1.220,33.33,32.20,3.39,0.79,6441.72万,21.13亿,11.16,4.1047,632.32亿,1000008499,False
191,002236,大华股份,SZ,19.17,1.64,630.07亿,16.35,0.310,19.38,18.70,3.56,1.87,8569.60万,16.42亿,4.46,1.6689,461.73亿,1000007864,False
192,001965,招商公路,SZ,9.26,1.20,629.23亿,13.65,0.110,9.29,9.07,0.22,0.92,1473.94万,1.36亿,3.41,0.9125,629.23亿,1001236094,False
193,000963,华东医药,SZ,35.29,-1.07,618.89亿,16.74,-0.380,35.46,34.88,0.61,0.87,1070.25万,3.76亿,5.63,2.5645,618.64亿,1000001456,False
194,688036,传音控股,SH,53.69,2.93,618.07亿,23.95,1.530,54.07,52.16,0.93,1.51,1072.32万,5.69亿,5.99,3.0113,618.07亿,1001801079,False
195,600096,云天化,SH,33.81,2.58,616.35亿,11.95,0.850,34.15,32.90,2.86,1.29,5221.86万,17.56亿,2.99,2.5074,616.35亿,1000002279,False
196,601061,中信金属,SH,12.53,2.45,613.97亿,22.83,0.300,12.66,12.26,0.37,1.18,1791.56万,2.24亿,5.71,2.6421,613.97亿,1002877128,False
197,600377,宁沪高速,SH,11.79,0.94,593.95亿,12.93,0.110,11.83,11.65,0.22,1.19,828.79万,9749.95万,3.23,1.4332,448.28亿,1000000997,False
198,300919,中伟新材,SZ,56.49,1.11,588.77亿,37.57,0.620,57.44,55.43,2.01,0.78,1831.93万,10.35亿,9.39,2.5123,515.47亿,1002229251,False
199,601901,方正证券,SH,7.12,-0.28,586.13亿,14.76,-0.020,7.18,7.09,0.66,0.92,5401.40万,3.85亿,3.69,1.1558,586.13亿,1000000058,False
200,000960,锡业股份,SZ,35.41,3.90,582.65亿,29.63,1.330,35.66,34.20,3.69,1.28,6068.21万,21.22亿,7.41,2.9752,582.65亿,1000001449,False
